"participantnum";"date";"ms_condition";"dv_order";"prous1";"prous2";"prous3";"prous4";"prous5";"antius1";"antius2";"antius3";"antius4";"antius5";"cheerful";"sad";"active";"angryatself";"disgusted";"calm";"guilty";"enthusiastic";"attentive";"afraid";"joyful";"downhearted";"bashful";"tired";"nervous";"sheepish";"sluggish";"amazed";"lonely";"distressed";"daring";"shaky";"sleepy";"blameworthy";"surprised";"happy";"excited";"determined";"strong";"timid";"hostile";"frightened";"scornful";"alone";"proud";"astonished";"relaxed";"alert";"jittery";"interested";"irritable";"upset";"lively";"loathing";"delighted";"angry";"ashamed";"confident";"inspired";"bold";"atease";"energetic";"fearless";"blue";"scared";"concentrating";"disgustedwithself";"shy";"drowsy";"dissatisfiedwithself";"countryofbirth";"race";"americanid";"msincomplete";"expert";"source";"location";"proauth_avg";"antiauth_avg";"pro_minus_anti";"pass_ER1";"pass_ER2";"pass_ER3"
"53";NA;"tv";"anti-first";7;7;8;5;8;6;5;8;5;8;"2";"1";"1";"1";"1";"2";"1";"1";"4";"1";"2";"1";"1";"5";"1";"1";"5";"1";"1";"1";"1";"1";"5";"1";"1";"2";"1";"1";"1";"1";"1";"1";"1";"1";"1";"1";"3";"2";"1";"2";"1";"1";"1";"1";"1";"1";"1";"1";"1";"1";"3";"1";"1";"1";"1";"4";"1";"1";"4";"2";"1";"1";7;"0";1;"riverside";"riverside";7;7;0;TRUE;TRUE;TRUE
"54";NA;"tv";"pro-first";7;6;6;6;7;4;2;4;4;6;"2";"1";"1";"2";"1";"4";"1";"1";"4";"1";"1";"1";"1";"3";"2";"1";"1";"1";"1";"1";"1";"1";"2";"1";"1";"3";"1";"2";"1";"1";"1";"1";"1";"1";"1";"1";"2";"3";"1";"1";"3";"1";"1";"1";"1";"1";"1";"1";"1";"1";"2";"1";"1";"1";"1";"1";"2";"2";"1";"1";"1";"1";8;"0";1;"riverside";"riverside";6,33333333333333;4,66666666666667;1,66666666666667;TRUE;TRUE;TRUE
"79";NA;"ms";"anti-first";9;9;6;8;6;2;1;3;1;4;"1";"2";"1";"1";"1";"4";"1";"1";"4";"2";"1";"1";"1";"4";"3";"1";"2";"1";"1";"1";"1";"3";"3";"1";"1";"1";"1";"1";"3";"1";"1";"1";"1";"1";"1";"1";"3";"3";"2";"1";"1";"1";"1";"1";"1";"1";"1";"1";"1";"1";"3";"1";"1";"2";"1";"1";"1";"1";"1";"1";"1";"1";9;"0";1;"riverside";"riverside";6,66666666666667;2,66666666666667;4;TRUE;TRUE;TRUE
"85";NA;"ms";"anti-first";7;6;6;7;6;7;7;6;5;5;"3";"1";"3";"1";"1";"4";"1";"1";"4";"1";"1";"1";"1";"2";"1";"1";"2";"1";"1";"1";"1";"1";"2";"1";"2";"1";"1";"1";"3";"1";"1";"1";"1";"1";"2";"1";"4";"3";"1";"4";"1";"1";"1";"1";"2";"1";"1";"3";"2";"1";"4";"2";"3";"1";"1";"3";"1";"2";"1";"1";"1";"1";7;"0";1;"riverside";"riverside";6,33333333333333;5,33333333333333;1;TRUE;TRUE;TRUE
"95";NA;"ms";"anti-first";7;6;7;8;7;3;4;7;6;3;"3";"1";"3";"1";"1";"5";"1";"4";"4";"1";"4";"1";"2";"4";"1";"1";"2";"1";"2";"1";"1";"1";"4";"1";"1";"4";"2";"4";"4";"1";"1";"1";"1";"2";"4";"1";"4";"4";"1";"4";"1";"1";"3";"1";"3";"1";"1";"4";"3";"3";"4";"3";"3";"1";"1";"1";"1";"2";"3";"1";"1";"1";7;"0";1;"riverside";"riverside";7,33333333333333;5,33333333333333;2;TRUE;TRUE;TRUE
"100";NA;"tv";"anti-first";6;7;6;7;7;5;3;6;5;5;"3";"1";"2";"1";"1";"3";"1";"1";"3";"1";"2";"1";"1";"3";"1";"1";"2";"1";"2";"1";"3";"1";"3";"1";"1";"2";"2";"1";"2";"2";"1";"1";"1";"2";"2";"1";"3";"2";"1";"1";"1";"1";"1";"1";"2";"1";"1";"2";"1";"2";"3";"2";"1";"1";"1";"2";"1";"2";"2";"2";"1";"1";7;"0";1;"riverside";"riverside";6,66666666666667;5,33333333333333;1,33333333333333;TRUE;TRUE;TRUE
"1";"3/31/2017";"ms";"pro-first";8;9;6;7;6;9;9;7;7;7;"3";"1";"3";"1";"1";"2";"1";"2";"2";"1";"3";"1";"1";"2";"1";"1";"1";"1";"1";"1";"1";"1";"2";"1";"1";"4";"1";"2";"3";"1";"1";"1";"1";"1";"1";"1";"3";"4";"1";"3";"1";"1";"3";"1";"4";"1";"1";"2";"2";"2";"3";"3";"2";"1";"1";"4";"1";"1";"1";"1";"1";"1";7;NA;1;"uwmadison_expert";"uwmadison";6,33333333333333;7;-0,666666666666667;TRUE;TRUE;TRUE
"2";"3/31/2017";"ms";"pro-first";7;7;7;8;8;2;2;3;1;3;"4";"2";"2";"1";"3";"2";"1";"2";"3";"2";"2";"1";"1";"3";"2";"1";"1";"1";"1";"1";"1";"2";"3";"1";"2";"2";"2";"1";"2";"1";"1";"1";"1";"1";"1";"1";"3";"2";"1";"1";"2";"2";"1";"1";"1";"1";"1";"2";"1";"1";"2";"2";"1";"1";"1";"2";"1";"1";"2";"1";"1";"1";9;NA;1;"uwmadison_expert";"uwmadison";7,66666666666667;2,33333333333333;5,33333333333333;TRUE;TRUE;TRUE
"4";"3/31/2017";"ms";"pro-first";9;8;5;6;5;2;1;4;4;4;"1";"2";"1";"1";"1";"5";"1";"1";"5";"1";"1";"1";"1";"5";"1";"1";"4";"1";"1";"2";"2";"1";"5";"1";"1";"3";"1";"2";"5";"5";"3";"1";"1";"1";"1";"1";"4";"4";"2";"3";"3";"1";"2";"1";"1";"1";"1";"5";"1";"1";"5";"2";"3";"1";"1";"5";"2";"4";"4";"1";"1";"1";9;NA;1;"uwmadison_expert";"uwmadison";5,33333333333333;4;1,33333333333333;TRUE;TRUE;TRUE
"5";"3/31/2017";"ms";"pro-first";9;9;9;9;8;2;2;6;1;2;"4";"1";"3";"1";"1";"5";"1";"3";"4";"1";"3";"1";"1";"3";"2";"1";"2";"1";"1";"1";"3";"2";"3";"1";"1";"4";"4";"2";"4";"1";"1";"1";"1";"1";"1";"1";"4";"3";"3";"3";"2";"1";"4";"1";"1";"1";"1";"4";"1";"2";"3";"3";"2";"1";"1";"4";"1";"1";"2";"1";"1";"1";8;NA;1;"uwmadison_expert";"uwmadison";8,66666666666667;3;5,66666666666667;TRUE;TRUE;TRUE
"8";"3/31/2017";"ms";"pro-first";6;6;6;7;5;7;8;8;8;8;"2";"3";"4";"2";"3";"1";"3";"3";"5";"2";"2";"3";"2";"3";"1";"4";"2";"4";"3";"2";"4";"4";"2";"3";"2";"2";"3";"2";"3";"3";"4";"4";"3";"4";"4";"4";"2";"5";"3";"3";"3";"4";"2";"2";"2";"3";"4";"3";"3";"4";"3";"4";"3";"3";"2";"4";"2";"2";"1";"3";"1";"1";9;NA;1;"uwmadison_expert";"uwmadison";6;8;-2;TRUE;TRUE;TRUE
"10";"3/31/2017";"ms";"pro-first";8;8;8;8;8;7;5;8;6;8;"3";"2";"1";"1";"1";"4";"1";"1";"4";"1";"2";"1";"2";"3";"2";"2";"3";"1";"2";"2";"1";"2";"4";"1";"1";"3";"1";"3";"2";"2";"1";"1";"1";"2";"2";"1";"3";"4";"1";"3";"2";"1";"2";"1";"2";"1";"1";"2";"3";"1";"4";"1";"1";"1";"1";"3";"1";"2";"4";"1";"1";"1";7;NA;1;"uwmadison_expert";"uwmadison";8;7,33333333333333;0,666666666666667;TRUE;TRUE;TRUE
"13";"3/31/2017";"ms";"pro-first";9;9;7;7;8;5;2;6;3;4;"4";"1";"1";"1";"1";"4";"1";"2";"2";"1";"1";"1";"1";"4";"1";"1";"3";"1";"1";"3";"1";"1";"4";"1";"1";"4";"1";"1";"3";"1";"1";"1";"1";"1";"1";"1";"3";"2";"1";"1";"1";"1";"2";"1";"1";"1";"1";"1";"1";"1";"3";"1";"1";"1";"1";"2";"1";"1";"4";"1";"1";"1";8;NA;1;"uwmadison_expert";"uwmadison";7,33333333333333;4,33333333333333;3;TRUE;TRUE;TRUE
"16";"3/31/2017";"ms";"pro-first";7;7;6;7;7;7;6;7;6;7;"3";"2";"3";"1";"1";"3";"1";"2";"4";"2";"2";"1";"1";"3";"3";"1";"2";"1";"2";"3";"2";"2";"2";"1";"1";"3";"3";"2";"3";"3";"2";"1";"1";"2";"3";"1";"2";"3";"2";"3";"2";"2";"2";"1";"2";"1";"1";"2";"1";"2";"2";"2";"2";"1";"2";"3";"2";"3";"2";"1";"1";"1";7;NA;1;"uwmadison_expert";"uwmadison";6,66666666666667;6,66666666666667;0;TRUE;TRUE;TRUE
"17";"3/31/2017";"ms";"pro-first";7;7;6;6;6;3;2;3;3;3;"3";"1";"3";"1";"1";"3";"1";"2";"3";"1";"3";"1";"1";"4";"1";"1";"3";"1";"1";"1";"1";"1";"4";"1";"1";"2";"3";"2";"3";"1";"1";"1";"1";"1";"3";"1";"3";"2";"1";"2";"1";"1";"2";"1";"2";"1";"1";"4";"1";"1";"4";"1";"1";"1";"1";"3";"1";"1";"2";"1";"1";"1";7;NA;1;"uwmadison_expert";"uwmadison";6;3;3;TRUE;TRUE;TRUE
"19";"3/31/2017";"ms";"pro-first";7;7;6;6;6;3;3;3;3;3;"4";"1";"3";"1";"1";"3";"1";"3";"4";"1";"3";"1";"1";"3";"2";"1";"2";"1";"1";"2";"4";"2";"3";"1";"1";"4";"3";"3";"2";"1";"1";"1";"1";"2";"2";"1";"3";"3";"1";"3";"1";"1";"3";"1";"3";"1";"1";"2";"2";"1";"4";"1";"2";"1";"1";"4";"2";"1";"3";"1";"1";"1";8;NA;1;"uwmadison_expert";"uwmadison";6;3;3;TRUE;TRUE;TRUE
"20";"3/31/2017";"ms";"pro-first";7;4;3;7;4;9;9;7;9;7;"3";"1";"1";"1";"1";"5";"1";"3";"5";"2";"4";"1";"1";"3";"2";"1";"1";"3";"1";"1";"3";"2";"3";"1";"1";"3";"4";"4";"5";"1";"1";"1";"1";"1";"5";"1";"4";"2";"2";"5";"2";"1";"4";"1";"3";"1";"1";"5";"5";"4";"4";"3";"4";"1";"1";"2";"1";"1";"1";"1";"1";"1";7;NA;1;"uwmadison_expert";"uwmadison";4,66666666666667;7,66666666666667;-3;TRUE;TRUE;TRUE
"22";"3/31/2017";"ms";"anti-first";6;6;6;6;6;6;7;7;6;7;"3";"2";"2";"1";"1";"2";"1";"1";"2";"1";"2";"1";"1";"3";"1";"1";"1";"1";"2";"1";"1";"1";"3";"1";"1";"3";"2";"1";"2";"1";"1";"1";"1";"2";"2";"1";"2";"2";"1";"2";"1";"1";"2";"1";"2";"1";"1";"2";"2";"1";"3";"1";"2";"1";"1";"1";"1";"1";"1";"1";"1";"1";7;NA;1;"uwmadison_expert";"uwmadison";6;6,66666666666667;-0,666666666666667;TRUE;TRUE;TRUE
"24";"3/31/2017";"ms";"anti-first";5;8;6;6;6;3;2;4;2;3;"2";"2";"1";"1";"1";"5";"1";"2";"4";"1";"3";"1";"2";"3";"1";"2";"2";"1";"2";"1";"3";"1";"3";"1";"1";"3";"2";"4";"4";"2";"1";"1";"1";"2";"1";"1";"5";"5";"1";"5";"2";"1";"2";"1";"3";"1";"1";"3";"3";"3";"5";"2";"2";"2";"1";"5";"1";"2";"1";"1";"1";"1";7;NA;1;"uwmadison_expert";"uwmadison";6;3;3;TRUE;TRUE;TRUE
"25";"3/31/2017";"ms";"anti-first";7;7;7;7;8;6;6;5;4;6;"3";"2";"2";"1";"1";"4";"2";"2";"3";"1";"2";"1";"3";"3";"2";"3";"2";"2";"2";"1";"2";"2";"3";"2";"3";"3";"2";"2";"3";"2";"2";"1";"3";"2";"2";"1";"4";"3";"2";"2";"2";"2";"3";"2";"3";"2";"2";"2";"3";"2";"3";"2";"3";"2";"2";"3";"2";"2";"3";"1";"1";"1";7;NA;1;"uwmadison_expert";"uwmadison";7,33333333333333;5;2,33333333333333;TRUE;TRUE;TRUE
"28";"4/4/2017";"ms";"anti-first";7;6;8;7;6;7;8;8;7;6;"2";"1";"1";"1";"1";"5";"1";"1";"4";"2";"1";"2";"1";"4";"1";"1";"3";"1";"2";"1";"1";"1";"4";"1";"1";"2";"1";"2";"2";"2";"1";"1";"1";"3";"1";"1";"4";"2";"1";"3";"3";"1";"1";"1";"1";"1";"1";"2";"1";"1";"3";"1";"1";"2";"1";"3";"1";"2";"3";"1";"1";"1";7;NA;1;"uwmadison_expert";"uwmadison";7;7;0;TRUE;TRUE;TRUE
"29";"4/4/2017";"ms";"anti-first";7;8;8;6;7;7;6;8;6;8;"3";"1";"2";"1";"1";"5";"1";"1";"4";"1";"3";"1";"1";"3";"1";"1";"2";"1";"1";"1";"1";"1";"3";"1";"1";"3";"1";"3";"3";"1";"1";"1";"1";"2";"3";"1";"5";"4";"1";"2";"1";"1";"2";"1";"2";"1";"1";"4";"1";"3";"5";"2";"3";"1";"1";"5";"1";"2";"3";"1";"1";"1";7;NA;1;"uwmadison_expert";"uwmadison";7;7,33333333333333;-0,333333333333333;TRUE;TRUE;TRUE
"30";"4/4/2017";"ms";"anti-first";8;9;8;8;8;3;1;4;1;5;"2";"3";"3";"1";"3";"3";"2";"2";"4";"3";"1";"1";"1";"2";"2";"1";"1";"1";"2";"2";"2";"3";"2";"1";"4";"2";"2";"3";"3";"1";"1";"2";"1";"2";"2";"1";"3";"4";"2";"3";"2";"3";"3";"1";"2";"1";"1";"3";"2";"2";"2";"3";"2";"3";"2";"3";"1";"1";"2";"2";"1";"1";7;NA;1;"uwmadison_expert";"uwmadison";8;3,33333333333333;4,66666666666667;TRUE;TRUE;TRUE
"31";"4/6/2017";"ms";"anti-first";5;7;5;6;7;4;4;5;6;5;"2";"3";"3";"1";"1";"2";"1";"1";"2";"2";"1";"2";"1";"4";"1";"3";"3";"1";"2";"2";"1";"2";"3";"1";"1";"2";"1";"3";"2";"1";"1";"2";"2";"2";"2";"1";"1";"3";"3";"1";"3";"2";"3";"1";"1";"2";"1";"2";"1";"3";"2";"2";"3";"2";"2";"3";"1";"1";"3";"2";"1";"1";7;NA;1;"uwmadison_expert";"uwmadison";6;5,33333333333333;0,666666666666667;TRUE;TRUE;TRUE
"32";"4/6/2017";"ms";"anti-first";6;7;7;7;6;6;4;7;4;6;"2";"1";"2";"1";"1";"4";"1";"1";"3";"1";"1";"1";"2";"3";"1";"1";"2";"1";"2";"1";"1";"1";"3";"1";"1";"3";"2";"1";"2";"3";"2";"1";"1";"2";"2";"1";"3";"4";"1";"2";"2";"1";"2";"1";"1";"1";"1";"2";"1";"1";"3";"1";"1";"2";"1";"3";"1";"2";"1";"1";"1";"1";8;NA;1;"uwmadison_expert";"uwmadison";6,66666666666667;5,66666666666667;1;TRUE;TRUE;TRUE
"35";"4/7/2017";"ms";"anti-first";6;7;6;7;7;5;5;6;4;3;"4";"1";"4";"1";"1";"3";"1";"4";"3";"1";"4";"1";"1";"2";"2";"1";"1";"2";"1";"1";"2";"1";"2";"1";"2";"5";"4";"3";"4";"1";"1";"1";"1";"1";"3";"2";"4";"4";"1";"3";"1";"1";"4";"1";"3";"1";"1";"4";"3";"2";"3";"4";"3";"1";"1";"3";"1";"1";"1";"1";"1";"1";8;NA;1;"uwmadison_expert";"uwmadison";6,66666666666667;4,33333333333333;2,33333333333333;TRUE;TRUE;TRUE
"38";"4/7/2017";"ms";"anti-first";7;6;6;7;6;6;5;6;4;6;"4";"1";"4";"1";"1";"3";"1";"3";"3";"1";"3";"1";"1";"2";"2";"1";"1";"1";"1";"2";"1";"1";"2";"1";"1";"4";"3";"4";"3";"2";"1";"1";"1";"1";"3";"2";"4";"3";"1";"3";"2";"1";"3";"1";"4";"1";"1";"4";"3";"1";"3";"3";"3";"1";"1";"3";"1";"3";"2";"1";"1";"1";8;NA;1;"uwmadison_expert";"uwmadison";6,33333333333333;5,33333333333333;1;TRUE;TRUE;TRUE
"41";"4/7/2017";"tv";"pro-first";7;7;5;6;5;6;4;5;3;5;"3";"2";"2";"1";"2";"3";"1";"3";"3";"4";"3";"1";"1";"5";"2";"1";"4";"1";"1";"2";"2";"2";"5";"1";"1";"3";"3";"2";"3";"1";"1";"1";"1";"1";"2";"1";"3";"2";"2";"2";"1";"2";"1";"1";"1";"1";"1";"2";"2";"1";"2";"2";"2";"1";"1";"2";"2";"1";"5";"1";"1";"1";7;NA;1;"uwmadison_expert";"uwmadison";5,33333333333333;4,33333333333333;1;TRUE;TRUE;TRUE
"43";"4/7/2017";"tv";"pro-first";8;9;7;6;8;1;1;3;3;3;"3";"2";"3";"2";"1";"4";"1";"2";"4";"1";"2";"3";"3";"2";"3";"2";"1";"1";"3";"1";"2";"1";"3";"3";"1";"3";"2";"3";"4";"3";"1";"1";"2";"3";"3";"1";"3";"3";"1";"3";"1";"2";"2";"1";"2";"1";"1";"2";"3";"1";"4";"2";"1";"2";"1";"3";"1";"3";"2";"2";"1";"1";9;NA;1;"uwmadison_expert";"uwmadison";7;3;4;TRUE;TRUE;TRUE
"44";"4/7/2017";"tv";"pro-first";5;4;7;4;6;3;1;4;2;3;"3";"1";"4";"2";"1";"2";"1";"3";"3";"2";"4";"3";"2";"2";"1";"3";"4";"1";"1";"2";"1";"1";"1";"4";"2";"3";"4";"1";"5";"2";"1";"2";"1";"1";"3";"2";"2";"4";"4";"3";"2";"2";"2";"1";"3";"1";"1";"4";"1";"1";"5";"2";"3";"1";"1";"4";"2";"1";"4";"1";"1";"1";8;NA;1;"uwmadison_expert";"uwmadison";5,66666666666667;3;2,66666666666667;TRUE;TRUE;TRUE
"49";"4/7/2017";"tv";"pro-first";9;9;9;9;9;6;4;6;5;5;"4";"1";"5";"1";"1";"3";"1";"3";"3";"1";"3";"1";"1";"2";"1";"1";"2";"1";"1";"1";"1";"1";"2";"1";"1";"4";"1";"1";"4";"1";"1";"1";"1";"1";"1";"1";"3";"3";"1";"1";"1";"1";"3";"1";"2";"1";"1";"3";"2";"2";"2";"3";"2";"1";"1";"4";"1";"1";"1";"1";"1";"1";8;NA;1;"uwmadison_expert";"uwmadison";9;5,33333333333333;3,66666666666667;TRUE;TRUE;TRUE
"50";"4/7/2017";"tv";"pro-first";9;9;9;8;8;9;8;9;8;9;"2";"4";"2";"1";"1";"5";"1";"1";"4";"1";"1";"3";"2";"3";"2";"1";"4";"1";"3";"2";"1";"2";"5";"1";"1";"3";"1";"2";"3";"1";"1";"1";"2";"4";"1";"1";"4";"4";"1";"2";"1";"3";"2";"1";"1";"1";"2";"2";"1";"1";"3";"1";"1";"2";"1";"5";"2";"1";"4";"4";"1";"1";7;NA;1;"uwmadison_expert";"uwmadison";8,33333333333333;8,66666666666667;-0,333333333333332;TRUE;TRUE;TRUE
"52";"4/7/2017";"tv";"pro-first";6;6;5;5;5;6;6;5;5;5;"4";"1";"3";"1";"1";"4";"1";"3";"4";"1";"4";"1";"1";"3";"1";"1";"1";"2";"1";"1";"2";"1";"3";"1";"1";"4";"3";"4";"3";"1";"1";"1";"1";"1";"2";"1";"4";"4";"1";"3";"1";"1";"4";"1";"3";"1";"1";"3";"3";"1";"3";"3";"3";"1";"1";"4";"1";"1";"2";"1";"1";"1";8;NA;1;"uwmadison_expert";"uwmadison";5;5;0;TRUE;TRUE;TRUE
"53";"4/7/2017";"tv";"pro-first";8;9;7;7;7;4;3;6;4;5;"1";"3";"1";"3";"2";"2";"2";"1";"4";"1";"1";"1";"2";"4";"3";"3";"4";"1";"2";"3";"1";"1";"3";"2";"1";"2";"1";"4";"3";"3";"1";"1";"3";"1";"2";"1";"2";"1";"1";"1";"4";"4";"1";"1";"1";"3";"1";"3";"1";"2";"2";"1";"1";"2";"1";"3";"2";"3";"4";"3";"1";"1";8;NA;1;"uwmadison_expert";"uwmadison";7;5;2;TRUE;TRUE;TRUE
"54";"4/7/2017";"tv";"pro-first";6;6;5;6;5;3;5;4;3;4;"3";"1";"1";"1";"1";"3";"1";"1";"1";"1";"2";"1";"1";"4";"1";"1";"2";"1";"1";"2";"1";"4";"1";"1";"1";"4";"4";"1";"1";"1";"1";"1";"1";"1";"1";"5";"1";"4";"3";"3";"1";"3";"1";"4";"1";"1";"1";"1";"1";"3";"1";"1";"1";"1";"1";"1";"1";"1";"1";"1";"1";"1";7;NA;1;"uwmadison_expert";"uwmadison";5,33333333333333;3,66666666666667;1,66666666666667;TRUE;TRUE;TRUE
"55";"4/7/2017";"tv";"pro-first";7;8;7;7;7;4;4;5;4;4;"3";"1";"2";"1";"1";"4";"1";"2";"4";"1";"3";"1";"1";"3";"2";"1";"3";"1";"1";"1";"1";"1";"3";"1";"3";"3";"2";"2";"2";"1";"1";"1";"1";"2";"2";"1";"3";"4";"1";"3";"1";"1";"3";"1";"2";"1";"1";"3";"3";"1";"4";"3";"3";"1";"1";"4";"1";"1";"3";"1";"1";"1";8;NA;1;"uwmadison_expert";"uwmadison";7;4,33333333333333;2,66666666666667;TRUE;TRUE;TRUE
"59";"4/11/2017";"tv";"pro-first";7;7;7;6;5;8;8;8;8;7;"1";"2";"1";"1";"1";"4";"1";"1";"4";"1";"1";"2";"1";"2";"1";"1";"1";"1";"2";"1";"1";"1";"2";"1";"1";"2";"1";"1";"1";"1";"1";"1";"1";"2";"1";"1";"3";"2";"1";"2";"1";"1";"1";"1";"1";"1";"1";"1";"1";"1";"4";"1";"1";"1";"1";"2";"1";"1";"2";"1";"1";"1";7;NA;1;"uwmadison_expert";"uwmadison";6;7,66666666666667;-1,66666666666667;TRUE;TRUE;TRUE
"60";"4/11/2017";"tv";"pro-first";6;5;4;4;4;3;5;3;1;2;"4";"1";"2";"1";"1";"4";"1";"3";"5";"1";"4";"1";"1";"5";"2";"2";"3";"1";"1";"1";"2";"1";"4";"1";"4";"5";"3";"5";"1";"1";"1";"1";"1";"1";"3";"2";"3";"4";"1";"4";"2";"1";"3";"1";"3";"1";"1";"4";"3";"1";"4";"4";"1";"1";"1";"5";"1";"1";"3";"1";"1";"1";7;NA;1;"uwmadison_expert";"uwmadison";4;2;2;TRUE;TRUE;TRUE
"61";"4/11/2017";"tv";"anti-first";4;1;5;5;6;8;9;5;7;5;"5";"1";"2";"1";"1";"5";"1";"5";"5";"1";"5";"1";"2";"4";"1";"1";"2";"4";"1";"2";"4";"1";"4";"1";"3";"5";"5";"4";"1";"1";"1";"1";"1";"1";"4";"1";"5";"5";"2";"5";"1";"1";"5";"1";"4";"1";"1";"5";"3";"3";"5";"5";"2";"1";"1";"5";"1";"1";"4";"1";"1";"1";9;NA;1;"uwmadison_expert";"uwmadison";5,33333333333333;5,66666666666667;-0,333333333333334;TRUE;TRUE;TRUE
"64";"4/11/2017";"tv";"anti-first";5;5;4;4;5;6;6;5;6;6;"4";"1";"4";"1";"1";"4";"1";"3";"4";"1";"4";"1";"1";"4";"1";"1";"2";"1";"1";"1";"2";"2";"3";"1";"1";"4";"2";"4";"4";"1";"1";"1";"1";"1";"3";"1";"4";"4";"1";"3";"1";"1";"4";"1";"3";"1";"1";"4";"2";"2";"4";"4";"2";"1";"1";"5";"1";"1";"3";"1";"1";"1";7;NA;1;"uwmadison_expert";"uwmadison";4,33333333333333;5,66666666666667;-1,33333333333333;TRUE;TRUE;TRUE
"67";"4/11/2017";"tv";"anti-first";6;7;6;7;6;5;4;6;3;6;"3";"3";"4";"2";"1";"2";"1";"2";"3";"2";"2";"2";"2";"4";"4";"2";"4";"2";"4";"3";"2";"3";"4";"1";"1";"3";"2";"4";"2";"2";"1";"1";"1";"4";"2";"1";"2";"4";"2";"2";"3";"2";"2";"1";"3";"1";"1";"2";"2";"2";"2";"2";"2";"3";"1";"3";"2";"3";"4";"3";"1";"1";7;NA;1;"uwmadison_expert";"uwmadison";6,33333333333333;5;1,33333333333333;TRUE;TRUE;TRUE
"68";"4/11/2017";"tv";"anti-first";6;6;5;5;5;6;6;5;5;5;"2";"1";"2";"1";"1";"3";"1";"1";"2";"1";"2";"1";"1";"4";"1";"2";"3";"1";"1";"1";"1";"2";"4";"1";"1";"3";"1";"2";"3";"1";"1";"1";"1";"1";"1";"1";"2";"3";"1";"1";"1";"1";"1";"1";"1";"1";"1";"1";"1";"1";"2";"1";"1";"1";"1";"3";"1";"1";"4";"1";"1";"1";9;NA;1;"uwmadison_expert";"uwmadison";5;5;0;TRUE;TRUE;TRUE
"73";"4/13/2107";"tv";"anti-first";8;8;6;7;8;4;3;6;3;3;"3";"1";"5";"2";"1";"2";"1";"3";"4";"1";"4";"1";"1";"2";"1";"1";"3";"1";"1";"1";"1";"1";"2";"4";"3";"4";"4";"4";"4";"1";"1";"1";"1";"1";"3";"1";"5";"5";"1";"3";"1";"2";"3";"1";"3";"2";"2";"3";"3";"3";"5";"2";"2";"1";"1";"3";"1";"2";"2";"1";"1";"1";8;NA;1;"uwmadison_expert";"uwmadison";7;4;3;TRUE;TRUE;TRUE
"74";"4/14/2017";"tv";"anti-first";6;6;5;5;6;7;4;5;7;6;"5";"3";"4";"2";"1";"5";"1";"4";"5";"1";"5";"3";"1";"3";"1";"1";"2";"1";"1";"1";"4";"2";"3";"1";"1";"3";"4";"4";"1";"1";"2";"1";"1";"1";"5";"1";"4";"1";"1";"4";"3";"1";"4";"1";"1";"1";"1";"5";"2";"3";"5";"4";"1";"1";"1";"3";"1";"1";"3";"1";"1";"1";9;NA;1;"uwmadison_expert";"uwmadison";5,33333333333333;6;-0,666666666666667;TRUE;TRUE;TRUE
"75";"4/14/2017";"tv";"anti-first";7;7;7;7;7;6;5;6;6;6;"3";"1";"5";"1";"1";"5";"1";"4";"4";"1";"2";"1";"1";"1";"1";"1";"1";"2";"1";"1";"2";"1";"1";"1";"2";"3";"3";"3";"3";"1";"1";"1";"1";"1";"2";"1";"5";"5";"1";"4";"1";"1";"3";"1";"2";"1";"1";"4";"3";"2";"5";"5";"3";"1";"1";"4";"1";"1";"1";"1";"1";"1";7;NA;1;"uwmadison_expert";"uwmadison";7;6;1;TRUE;TRUE;TRUE
"79";"4/14/2017";"tv";"anti-first";6;7;6;7;7;5;6;6;4;5;"2";"1";"2";"1";"1";"1";"1";"1";"2";"1";"1";"1";"1";"5";"1";"3";"4";"1";"1";"2";"1";"1";"4";"1";"1";"2";"1";"1";"2";"1";"1";"1";"1";"1";"1";"1";"2";"2";"1";"1";"3";"2";"1";"1";"1";"1";"1";"1";"1";"1";"2";"2";"1";"1";"1";"1";"1";"1";"4";"1";"1";"1";7;NA;1;"uwmadison_expert";"uwmadison";6,66666666666667;5;1,66666666666667;TRUE;TRUE;TRUE
"A4";"3/23/2017";"tv";"anti-first";7;7;7;7;7;7;6;7;7;7;"4";"1";"4";"1";"1";"4";"1";"3";"4";"1";"4";"1";"1";"3";"1";"1";"2";"1";"1";"1";"2";"1";"2";"1";"1";"4";"3";"4";"3";"1";"1";"1";"1";"1";"1";"1";"4";"3";"1";"3";"1";"1";"2";"1";"4";"1";"1";"3";"3";"2";"4";"3";"2";"1";"1";"4";"1";"1";"1";"1";"1";"1";7;"0";1;"occid";"occid";7;7;0;TRUE;TRUE;TRUE
"A5";"3/23/2017";"ms";"anti-first";8;9;8;9;8;8;8;7;6;8;"1";"3";"2";"2";"1";"4";"2";"2";"3";"3";"2";"3";"1";"4";"4";"3";"4";"2";"1";"3";"2";"3";"4";"2";"3";"2";"2";"3";"2";"3";"1";"1";"1";"2";"2";"1";"4";"2";"1";"4";"2";"1";"1";"1";"1";"1";"2";"2";"2";"1";"2";"2";"1";"3";"2";"3";"2";"2";"2";"4";"1";"1";8;"0";1;"occid";"occid";8,33333333333333;7;1,33333333333333;TRUE;TRUE;TRUE
"A8";"4/18/2017";"ms";"pro-first";7;7;5;4;5;6;3;3;1;6;"1";"1";"3";"1";"1";"5";"1";"1";"2";"1";"1";"1";"1";"3";"1";"1";"4";"1";"1";"1";"1";"1";"4";"1";"1";"5";"4";"1";"5";"1";"1";"1";"1";"1";"1";"1";"5";"4";"1";"1";"1";"1";"1";"1";"1";"1";"1";"4";"1";"1";"5";"1";"1";"1";"1";"4";"1";"1";"4";"1";"1";"1";8;"0";1;"occid";"occid";4,66666666666667;3,33333333333333;1,33333333333333;TRUE;TRUE;TRUE
"A9";"4/18/2017";"tv";"pro-first";7;5;8;8;4;8;8;9;8;9;"1";"2";"1";"4";"1";"2";"1";"1";"3";"4";"1";"2";"1";"5";"4";"1";"5";"1";"1";"3";"2";"2";"5";"2";"1";"2";"1";"3";"2";"3";"1";"2";"1";"1";"1";"1";"2";"1";"1";"1";"2";"1";"1";"1";"1";"1";"1";"1";"1";"1";"1";"1";"1";"1";"3";"2";"4";"2";"3";"4";"1";"1";7;"0";1;"occid";"occid";6,66666666666667;8,66666666666667;-2;TRUE;TRUE;TRUE
"A19";"";"ms";"anti-first";8;6;8;7;6;4;9;8;5;5;"3";"1";"4";"2";"1";"3";"1";"4";"4";"1";"2";"1";"1";"2";"1";"1";"1";"1";"4";"3";"4";"1";"1";"1";"1";"3";"4";"4";"3";"2";"2";"1";"1";"2";"3";"1";"2";"2";"2";"4";"1";"1";"3";"1";"2";"1";"2";"4";"3";"4";"3";"3";"4";"2";"1";"4";"1";"1";"1";"1";"1";"1";8;"0";1;"occid";"occid";7;6;1;TRUE;TRUE;TRUE
"A22";"";"ms";"pro-first";8;8;9;8;9;5;4;6;3;7;"5";"1";NA;NA;"2";NA;NA;NA;"2";"1";NA;NA;"";"2";NA;NA;NA;NA;NA;NA;NA;"1";NA;NA;NA;NA;NA;NA;NA;NA;NA;NA;NA;NA;NA;NA;NA;NA;NA;"3";"2";NA;NA;NA;NA;NA;NA;NA;NA;NA;"3";NA;NA;NA;NA;NA;NA;NA;NA;NA;"1";"1";8;"0";1;"occid";"occid";8,66666666666667;5,33333333333333;3,33333333333333;TRUE;TRUE;TRUE
"M21";"5/2/2017";"ms";"pro-first";9;9;9;9;9;1;1;2;1;2;"3";"4";"2";"1";"1";"5";"1";"2";"3";"2";"2";"2";"1";"2";"2";"2";"2";"1";"3";"3";"2";"2";"2";"1";"1";"3";"2";"5";"4";"2";"1";"2";"1";"4";"2";"1";"4";"3";"1";"2";"1";"3";"2";"1";"1";"1";"1";"3";"5";"2";"4";"3";"2";"2";"1";"3";"1";"2";"2";"1";"1";"1";9;"0";1;"occid";"occid";9;1,66666666666667;7,33333333333333;TRUE;TRUE;TRUE
"M20";"5/2/2017";"tv";"anti-first";9;8;8;8;9;7;6;8;6;8;"5";"1";"3";"1";"1";"4";"2";"5";"4";"4";"4";"2";"3";"3";"4";"2";"2";"4";"3";"3";"1";"2";"4";"2";"2";"5";"4";"4";"5";"3";"1";"2";"2";"2";"4";"3";"4";"3";"2";"5";"2";"2";"5";"3";"4";"1";"2";"4";"5";"2";"3";"4";"1";"2";"3";"4";"2";"4";"2";"2";"1";"1";9;"0";1;"occid";"occid";8,33333333333333;7,33333333333333;1;TRUE;TRUE;TRUE
"A16";"";"ms";"pro-first";9;1;9;9;1;7;6;9;9;9;"4";"1";"3";"1";"1";"4";"1";"4";"4";"2";"4";"1";"1";"5";"2";"1";"2";"5";"1";"3";"4";"1";"5";"1";"1";"5";"4";"3";"5";"2";"1";"1";"1";"1";"5";"1";"3";"3";"3";"4";"1";"1";"4";"1";"4";"1";"1";"5";"4";"3";"5";"4";"3";"1";"2";"5";"1";"1";"4";"1";"1";"1";8;"0";1;"occid";"occid";6,33333333333333;9;-2,66666666666667;TRUE;TRUE;TRUE
"A14";"4/26/2017";"ms";"anti-first";6;6;6;5;6;8;4;7;6;8;"4";"2";"4";"1";"1";"3";"1";"5";"4";"2";"5";"1";"?";"1";"2";"1";"2";"4";"1";"1";"3";"1";"1";"1";"2";"5";"5";"4";"3";"2";"1";"2";"1";"1";"3";"2";"3";"3";"1";"4";"1";"2";"4";"1";"4";"1";"1";"3";"5";"3";"3";"5";"4";"2";"2";"4";"1";"3";"1";"1";"1";"1";8;"0";1;"occid";"occid";5,66666666666667;7;-1,33333333333333;TRUE;TRUE;TRUE
"CL2";"5/2/2017";"tv";"anti-first";7;8;7;8;7;7;6;7;5;5;"2";"1";"3";"1";"1";"2";"1";"2";"3";"1";"2";"1";"1";"4";"2";"1";"2";"1";"2";"2";"1";"1";"4";"1";"1";"3";"2";"3";"3";"2";"1";"1";"1";"2";"2";"1";"2";"3";"1";"2";"2";"1";"2";"1";"2";"1";"1";"3";"1";"1";"2";"2";"2";"1";"2";"3";"1";"1";"1";"1";"1";"1";7;"0";1;"occid";"occid";7,33333333333333;5,66666666666667;1,66666666666667;TRUE;TRUE;TRUE
"A33";"";"ms";"anti-first";9;9;9;9;9;1;1;1;1;1;"4";"2";"4";"4";"2";"3";"1";"5";"3";"2";"4";"1";"4";"1";"1";"1";"1";"2";"1";"1";"4";"2";"1";"1";"4";"4";"4";"5";"5";"2";"3";"1";"2";"5";"5";"1";"4";"4";"4";"5";"2";"2";"5";"1";"4";"2";"5";"3";"5";"1";"1";"5";"2";"1";"3";"5";"2";"1";"3";"1";"1";"1";9;"0";1;"occid";"occid";9;1;8;TRUE;TRUE;TRUE
"V13";"5/3/2017";"tv";"anti-first";7;7;7;8;7;6;3;7;6;7;"3";"1";"3";"1";"1";"4";"1";"3";"3";"1";"3";"1";"1";"1";"1";"1";"1";"1";"1";"1";"1";"1";"1";"1";"1";"3";"1";"1";"3";"1";"1";"1";"1";"1";"1";"1";"4";"3";"1";"3";"1";"1";"3";"1";"3";"1";"1";"3";"3";"1";"4";"3";"3";"1";"1";"1";"1";"1";"1";"1";"1";"1";8;"0";1;"occid";"occid";7,33333333333333;6,66666666666667;0,666666666666666;TRUE;TRUE;TRUE
"V14";"5/3/2017";"tv";"anti-first";7;6;7;7;6;7;6;7;3;5;"4";"1";"2";"1";"1";"3";"1";"3";"3";"1";"3";"1";"1";"4";"1";"1";"1";"1";"2";"2";"1";"1";"4";"1";"1";"3";"2";"4";"4";"1";"1";"1";"1";"2";"3";"1";"3";"2";"2";"2";"2";"1";"2";"1";"3";"1";"1";"4";"3";"1";"3";"3";"2";"1";"1";"1";"1";"1";"4";"1";"1";"1";7;"0";1;"occid";"occid";6,66666666666667;5;1,66666666666667;TRUE;TRUE;TRUE
"V15";"5/3/2017";"ms";"pro-first";9;9;6;7;8;7;6;6;3;4;"4";"2";"1";"1";"2";"5";"1";"3";"4";"1";"3";"2";"";"2";"2";"1";"2";"1";"1";"1";"1";"1";"1";"1";"2";"4";"2";"3";"3";"3";"3";"1";"4";"1";"3";"2";"5";"3";"2";"4";"1";"1";"2";"2";"2";"1";"1";"4";"1";"4";"5";"3";"3";"2";"2";"4";"4";"3";"1";"2";"1";"1";8;"0";1;"occid";"occid";7;4,33333333333333;2,66666666666667;TRUE;TRUE;TRUE
"V24";"5/4/2017";"ms";"pro-first";7;7;8;8;8;7;6;8;8;8;"3";"2";"2";"1";"1";"2";"2";"2";"4";"2";"3";"1";"3";"2";"2";"3";"1";"2";"1";"1";"2";"1";"1";"1";"5";"3";"2";"3";"2";"1";"2";"3";"1";"2";"2";"4";"3";"3";"1";"3";"1";"1";"4";"1";"2";"1";"1";"2";"3";"4";"4";"4";"3";"1";"2";"3";"1";"2";"1";"1";"1";"1";7;"0";1;"occid";"occid";8;8;0;TRUE;TRUE;TRUE
"4";"2017-03-20";"tv";"pro-first";6;7;8;8;8;7;7;7;6;8;"2";"2";"3";"1";"1";"2";"3";"1";"3";"2";"1";"1";"1";"2";"3";"1";"2";"1";"3";"3";"1";"1";"4";"1";"1";"3";"2";"4";"3";"3";"1";"1";"1";"3";"1";"1";"2";"1";"1";"2";"2";"1";"1";"1";"1";"1";"1";"4";"1";"1";"2";"2";"1";"2";"1";"2";"3";"2";"3";"3";"1";"1";7;"0";1;"cnj";"cnj";8;7;1;TRUE;TRUE;TRUE
"6";"2017-03-20";"ms";"anti-first";8;8;8;8;8;7;7;8;7;7;"3";"4";"1";"5";"1";"1";"5";"2";"3";"5";"2";"3";"2";"5";"5";"3";"3";"2";"2";"5";"1";"2";"5";"5";"3";"4";"3";"2";"3";"1";"1";"3";"1";"3";"2";"1";"1";"2";"2";"4";"2";"4";"2";"1";"2";"2";"4";"2";"2";"1";"1";"2";"1";"3";"5";"3";"5";"5";"4";"5";"1";"1";8;"0";1;"cnj";"cnj";8;7,33333333333333;0,666666666666667;TRUE;TRUE;TRUE
"10";"2017-03-20";"ms";"anti-first";8;8;7;7;8;6;4;3;3;4;"3";"4";"5";"1";"1";"5";"3";"3";"5";"2";"3";"4";"1";"5";"1";"2";"4";"1";"2";"2";"1";"1";"5";"1";"3";"3";"2";"5";"5";"2";"1";"3";"1";"1";"4";"1";"2";"4";"1";"2";"3";"4";"4";"1";"1";"1";"1";"4";"1";"2";"3";"2";"1";"1";"2";"5";"1";"1";"4";"1";"1";"1";9;"0";1;"cnj";"cnj";7,33333333333333;3,33333333333333;4;TRUE;TRUE;TRUE
"11";"2017-03-20";"tv";"anti-first";7;5;6;7;4;7;6;7;6;8;"4";"1";"4";"1";"1";"5";"2";"4";"4";"1";"4";"1";"2";"2";"3";"1";"1";"3";"1";"2";"1";"2";"2";"2";"1";"4";"5";"3";"5";"2";"1";"1";"1";"1";"4";"1";"5";"5";"2";"4";"2";"1";"3";"1";"3";"1";"1";"5";"3";"3";"5";"5";"4";"1";"1";"4";"1";"1";"2";"1";"1";"1";8;"0";1;"cnj";"cnj";5,66666666666667;7;-1,33333333333333;TRUE;TRUE;TRUE
"14";"2017-03-20";"ms";"anti-first";8;8;7;8;7;7;7;7;6;6;"1";"4";"1";"1";"2";"2";"4";"1";"2";"4";"1";"2";"2";"3";"4";"1";"2";"1";"2";"4";"1";"3";"3";"1";"3";"1";"1";"2";"2";"2";"2";"1";"2";"2";"1";"2";"1";"2";"2";"4";"4";"5";"1";"1";"1";"4";"1";"4";"1";"3";"1";"1";"1";"3";"2";"5";"1";"3";"3";"1";"1";"1";8;"0";1;"cnj";"cnj";7,33333333333333;6,33333333333333;1;TRUE;TRUE;TRUE
"18";"2017-03-20";"ms";"anti-first";7;7;5;5;6;7;7;5;5;6;"5";"1";"4";"1";"1";"4";"2";"3";"5";"1";"5";"1";"1";"2";"1";"1";"2";"5";"1";"1";"1";"1";"2";"1";"2";"5";"5";"5";"4";"3";"1";"1";"1";"1";"3";"1";"5";"5";"1";"5";"1";"1";"5";"1";"4";"1";"1";"2";"5";"2";"3";"4";"3";"1";"1";"5";"1";"2";"2";"2";"1";"1";7;"0";1;"cnj";"cnj";5,33333333333333;5,33333333333333;0;TRUE;TRUE;TRUE
"19";"2017-03-20";"ms";"pro-first";8;8;7;8;8;6;4;8;5;5;"4";"1";"3";"1";"1";"3";"2";"4";"5";"2";"5";"1";"2";"3";"1";"1";"2";"5";"2";"1";"1";"1";"2";"1";"1";"5";"4";"4";"5";"1";"1";"1";"1";"2";"4";"1";"3";"5";"1";"4";"1";"1";"5";"1";"5";"1";"1";"3";"5";"3";"3";"4";"3";"1";"1";"5";"2";"1";"3";"1";"1";"1";7;"0";1;"cnj";"cnj";7,66666666666667;6;1,66666666666667;TRUE;TRUE;TRUE
"25";"2017-03-20";"ms";"pro-first";8;8;7;8;7;4;4;4;4;6;"3";"1";"2";"1";"1";"3";"1";"2";"2";"2";"3";"1";"1";"4";"1";"1";"1";"1";"1";"2";"3";"1";"4";"1";"1";"3";"3";"3";"4";"1";"1";"1";"1";"1";"3";"1";"3";"2";"1";"2";"2";"1";"3";"1";"3";"1";"1";"3";"3";"1";"2";"2";"2";"1";"2";"2";"1";"1";"3";"1";"1";"1";7;"0";1;"cnj";"cnj";7,33333333333333;4,66666666666667;2,66666666666667;TRUE;TRUE;TRUE
"27";"2017-03-20";"ms";"anti-first";8;7;7;7;7;2;2;2;1;3;"2";"3";"4";"1";"1";"5";"1";"3";"5";"3";"3";"2";"3";"4";"2";"2";"2";"2";"1";"3";"4";"2";"4";"1";"2";"2";"2";"3";"5";"1";"1";"1";"2";"1";"2";"2";"5";"4";"2";"3";"1";"2";"2";"1";"1";"1";"1";"2";"1";"2";"4";"2";"2";"2";"1";"5";"1";"1";"2";"1";"1";"1";8;"0";1;"cnj";"cnj";7;2;5;TRUE;TRUE;TRUE
"28";"2017-03-20";"tv";"anti-first";9;9;8;8;8;3;4;3;2;2;"2";"1";"2";"1";"1";"4";"1";"2";"4";"1";"3";"1";"1";"4";"1";"2";"4";"1";"2";"2";"1";"1";"4";"1";"2";"3";"1";"3";"3";"2";"1";"1";"1";"3";"3";"1";"5";"2";"2";"4";"2";"1";"2";"1";"1";"1";"1";"4";"3";"1";"4";"2";"3";"1";"1";"4";"1";"2";"4";"1";"1";"1";9;"0";1;"cnj";"cnj";8;2,33333333333333;5,66666666666667;TRUE;TRUE;TRUE
"31";"2017-03-20";"tv";"pro-first";7;8;5;6;5;5;5;8;3;8;"4";"1";"2";"1";"1";"5";"2";"2";"4";"1";"4";"1";"1";"4";"1";"1";"4";"3";"1";"1";"1";"1";"5";"1";"1";"4";"2";"4";"3";"1";"1";"1";"1";"1";"4";"1";"4";"1";"1";"4";"2";"1";"3";"1";"4";"1";"1";"4";"2";"1";"4";"3";"2";"1";"1";"4";"1";"3";"3";"1";"1";"1";8;"0";1;"cnj";"cnj";5,33333333333333;6,33333333333333;-1;TRUE;TRUE;TRUE
"33";"2017-03-20";"tv";"pro-first";7;5;5;7;5;6;6;6;7;6;"2";"1";"2";"1";"1";"4";"3";"1";"3";"1";"1";"1";"1";"3";"2";"1";"2";"1";"1";"1";"2";"1";"4";"1";"1";"3";"1";"3";"3";"2";"1";"1";"1";"2";"1";"1";"3";"1";"1";"2";"2";"1";"1";"1";"1";"1";"1";"2";"1";"1";"3";"1";"2";"2";"1";"3";"1";"1";"4";"1";"1";"1";7;"0";1;"cnj";"cnj";5,66666666666667;6,33333333333333;-0,666666666666666;TRUE;TRUE;TRUE
"39";"2017-03-20";"ms";"pro-first";6;7;7;6;6;7;7;8;7;7;"3";"1";"1";"1";"1";"4";"1";"1";"4";"1";"3";"2";"2";"3";"2";"2";"2";"1";"1";"2";"1";"2";"3";"1";"1";"3";"3";"2";"2";"1";"1";"1";"1";"1";"1";"1";"3";"3";"1";"1";"3";"1";"1";"1";"2";"1";"1";"1";"1";"1";"2";"1";"1";"1";"1";"3";"1";"1";"1";"2";"1";"1";8;"0";1;"cnj";"cnj";6,33333333333333;7,33333333333333;-1;TRUE;TRUE;TRUE
"45";"2017-03-21";"tv";"pro-first";9;9;7;7;7;6;2;4;4;4;"2";"1";"1";"1";"1";"5";"1";"1";"3";"1";"3";"1";"1";"2";"1";"1";"1";"1";"1";"1";"1";"1";"1";"1";"1";"5";"3";"1";"5";"1";"1";"1";"1";"1";"4";"1";"5";"1";"1";"4";"1";"1";"1";"1";"1";"1";"1";"3";"3";"1";"1";"1";"1";"1";"1";"1";"1";"1";"1";"1";"1";"1";9;"0";1;"cnj";"cnj";7;4;3;TRUE;TRUE;TRUE
"47";"2017-03-21";"tv";"pro-first";7;7;5;5;5;3;3;3;3;3;"3";"1";"2";"1";"2";"3";"2";"2";"4";"1";"3";"3";"3";"5";"2";"3";"2";"2";"2";"3";"1";"3";"5";"2";"3";"3";"2";"3";"3";"3";"2";"1";"3";"2";"2";"2";"3";"4";"2";"3";"2";"1";"2";"2";"3";"1";"2";"2";"3";"2";"2";"2";"2";"2";"1";"4";"1";"2";"4";"1";"1";"1";8;"0";1;"cnj";"cnj";5;3;2;TRUE;TRUE;TRUE
"48";"2017-03-21";"ms";"anti-first";7;8;6;5;6;6;6;7;5;4;"4";"1";"2";"1";"1";"4";"1";"3";"4";"1";"4";"1";"1";"2";"1";"1";"1";"1";"1";"1";"2";"1";"2";"1";"1";"4";"2";"3";"3";"2";"1";"1";"1";"1";"2";"1";"5";"4";"1";"4";"1";"1";"3";"1";"3";"1";"1";"4";"2";"3";"3";"3";"2";"1";"1";"5";"1";"2";"1";"1";"1";"1";7;"0";1;"cnj";"cnj";5,66666666666667;5,33333333333333;0,333333333333334;TRUE;TRUE;TRUE
"52";"2017-03-21";"ms";"pro-first";7;8;6;7;6;4;5;5;4;5;"2";"1";"2";"1";"1";"4";"1";"3";"4";"1";"3";"1";"1";"5";"1";"5";"5";"1";"1";"1";"1";"2";"5";"1";"1";"3";"2";"4";"2";"1";"1";"1";"1";"1";"1";"1";"1";"3";"3";"4";"1";"2";"2";"1";"2";"1";"1";"4";"2";"1";"4";"2";"2";"1";"1";"5";"1";"1";"4";"1";"1";"1";7;"0";1;"cnj";"cnj";6,33333333333333;4,66666666666667;1,66666666666667;TRUE;TRUE;TRUE
"60";"2017-03-21";"ms";"pro-first";6;7;6;7;6;4;4;5;4;4;"2";"1";"1";"1";"1";"2";"1";"1";"1";"1";"1";"1";"1";"4";"2";"1";"3";"2";"1";"2";"1";"2";"3";"1";"1";"2";"2";"1";"1";"2";"1";"1";"1";"1";"1";"1";"2";"2";"1";"1";"2";"1";"1";"1";"1";"1";"1";"1";"1";"1";"2";"1";"1";"1";"1";"2";"1";"1";"3";"1";"1";"1";7;"0";1;"cnj";"cnj";6,33333333333333;4,33333333333333;2;TRUE;TRUE;TRUE
"61";"2017-03-21";"tv";"anti-first";7;6;8;8;9;7;7;8;6;9;"4";"1";"4";"1";"1";"4";"2";"1";"5";"1";"5";"1";"1";"5";"3";"1";"1";"1";"1";"1";"2";"1";"5";"1";"2";"4";"4";"4";"4";"1";"1";"1";"1";"1";"3";"1";"5";"3";"2";"1";"1";"1";"3";"1";"3";"1";"1";"5";"1";"3";"5";"3";"5";"1";"1";"5";"1";"1";"5";"1";"1";"1";9;"0";1;"cnj";"cnj";8,33333333333333;7,66666666666667;0,666666666666667;TRUE;TRUE;TRUE
"62";"2017-03-21";"ms";"pro-first";9;9;9;9;8;4;2;7;3;7;"4";"2";"3";"1";"1";"3";"2";"3";"3";"2";"4";"2";"2";"5";"3";"1";"2";"4";"3";"2";"3";"3";"5";"1";"2";"4";"4";"4";"3";"2";"1";"2";"1";"3";"4";"3";"4";"2";"2";"4";"2";"3";"4";"1";"4";"2";"2";"4";"5";"3";"3";"5";"4";"2";"2";"3";"3";"1";"1";"2";"1";"1";8;"0";1;"cnj";"cnj";8,66666666666667;5,66666666666667;3;TRUE;TRUE;TRUE
"63";"2017-03-21";"ms";"pro-first";9;7;8;8;7;5;3;5;4;4;"3";"1";"3";"1";"1";"4";"1";"3";"4";"1";"4";"1";"1";"2";"1";"1";"2";"1";"1";"2";"1";"1";"2";"1";"1";"4";"3";"4";"3";"1";"1";"1";"1";"1";"4";"1";"4";"2";"2";"3";"1";"1";"3";"1";"4";"1";"1";"4";"3";"2";"4";"3";"2";"1";"1";"4";"1";"1";"1";"1";"1";"1";9;"0";1;"cnj";"cnj";7,66666666666667;4,33333333333333;3,33333333333333;TRUE;TRUE;TRUE
"70";"2017-03-21";"tv";"anti-first";6;6;7;7;6;6;4;5;4;6;"3";"1";"2";"1";"1";"3";"1";"1";"4";"1";"1";"1";"1";"4";"1";"1";"3";"1";"1";"2";"1";"2";"4";"1";"1";"3";"2";"1";"2";"1";"1";"1";"1";"1";"1";"1";"5";"3";"1";"1";"3";"1";"3";"1";"2";"1";"1";"3";"2";"1";"2";"3";"2";"1";"1";"3";"1";"1";"4";"1";"1";"1";9;"0";1;"cnj";"cnj";6,66666666666667;5;1,66666666666667;TRUE;TRUE;TRUE
"71";"2017-03-21";"ms";"anti-first";6;7;5;6;7;8;8;7;7;7;"3";"4";"2";"4";"4";"3";"3";"4";"1";"2";"2";"5";"3";"4";"3";"3";"3";"4";"3";"2";"4";"4";"3";"4";"1";"3";"2";"5";"4";"2";"3";"1";"3";"3";"4";"1";"3";"2";"4";"3";"4";"5";"3";"2";"2";"4";"2";"3";"3";"2";"2";"1";"4";"4";"3";"2";"2";"3";"2";"3";"1";"1";8;"0";1;"cnj";"cnj";6;7;-1;TRUE;TRUE;TRUE
"73";"2017-03-21";"ms";"anti-first";8;8;8;8;8;6;4;5;3;5;"1";"4";"1";"1";"4";"1";"1";"1";"2";"1";"1";"3";"1";"5";"3";"2";"5";"1";"1";"1";"1";"5";"5";"1";"1";"1";"1";"1";NA;"4";"1";"2";"1";"1";"1";"1";"1";"1";"1";"1";"4";"4";"1";"3";"1";"3";"1";"1";"1";"1";"1";"1";"1";"3";"1";"2";"4";"3";"5";"3";"1";"1";8;"0";1;"cnj";"cnj";8;4,33333333333333;3,66666666666667;TRUE;TRUE;TRUE
"77";"2017-03-21";"tv";"anti-first";7;7;7;6;6;7;7;6;5;6;"1";"1";"2";"1";"1";"4";"1";"1";"2";"1";"2";"1";"2";"5";"1";"4";"5";"1";"1";"4";"1";"1";"5";"1";"1";"3";"1";"1";"1";"1";"1";"1";"1";"1";"1";"1";"2";"2";"1";"1";"2";"2";"2";"1";"3";"1";"1";"1";"2";"1";"2";"2";"2";"1";"1";"3";"1";"1";"5";"1";"1";"1";7;"0";1;"cnj";"cnj";6,33333333333333;5,66666666666667;0,666666666666666;TRUE;TRUE;TRUE
"78";"2017-03-21";"ms";"pro-first";6;6;7;6;6;6;5;5;4;5;"4";"1";"5";"1";"2";"3";"1";"4";"3";"2";"4";"2";"2";"3";"1";"2";"1";"3";"1";"2";"4";"2";"3";"1";"3";"3";"3";"5";"4";"1";"1";"1";"2";"1";"4";"2";"3";"4";"4";"3";"2";"1";"4";"2";"2";"1";"1";"5";"5";"4";"3";"5";"4";"1";"1";"4";"1";"1";"1";"1";"1";"1";7;"0";1;"cnj";"cnj";6,33333333333333;4,66666666666667;1,66666666666667;TRUE;TRUE;TRUE
"79";"2017-03-21";"ms";"pro-first";6;7;5;6;7;3;1;2;1;1;"1";"1";"2";"1";"1";"5";"1";"1";"3";"1";"1";"1";"2";"2";"1";"1";"3";"1";"1";"1";"1";"1";"1";"1";"1";"2";"1";"3";"2";"1";"1";"1";"1";"1";"1";"1";"4";"3";"1";"2";"3";"1";"2";"1";"1";"1";"1";"2";"1";"1";"3";"1";"1";"1";"1";"4";"1";"2";"1";"1";"1";"1";7;"0";1;"cnj";"cnj";6;1,33333333333333;4,66666666666667;TRUE;TRUE;TRUE
"81";"2017-03-21";"ms";"anti-first";6;6;6;5;5;6;6;7;7;6;"2";"1";"2";"1";"1";"4";"1";"1";"3";"1";"1";"1";"1";"1";"1";"1";"1";"1";"1";"1";"1";"1";"1";"1";"1";"1";"1";"1";"2";"1";"1";"1";"1";"1";"1";"1";"5";"2";"1";"1";"1";"1";"1";"1";"1";"1";"1";"4";"1";"1";"5";"1";"2";"1";"1";"2";"1";"1";"1";"1";"1";"1";7;"0";1;"cnj";"cnj";5,33333333333333;6,66666666666667;-1,33333333333333;TRUE;TRUE;TRUE
"84";"2017-03-21";"tv";"anti-first";7;8;8;8;8;6;4;6;3;3;"4";"1";"3";"1";"1";"5";"1";"3";"4";"1";"4";"1";"1";"4";"2";"2";"3";"1";"1";"1";"2";"2";"4";"1";"1";"5";"4";"3";"3";"3";"1";"1";"1";"1";"4";"1";"4";"5";"2";"3";"2";"1";"3";"1";"4";"1";"1";"4";"2";"2";"5";"4";"2";"1";"1";"2";"2";"4";"4";"2";"1";"1";7;"0";1;"cnj";"cnj";8;4;4;TRUE;TRUE;TRUE
"86";"2017-03-21";"ms";"anti-first";8;8;7;7;7;7;6;6;4;5;"1";"4";"2";"4";"4";"2";"3";"1";"3";"3";"1";"3";"2";"5";"5";"1";"5";"1";"3";"5";"1";"3";"5";"3";"1";"2";"1";"2";"3";"4";"3";"2";"3";"3";"2";"1";"1";"1";"1";"1";"5";"5";"1";"2";"1";"3";"2";"2";"1";"1";"1";"2";"2";"5";"2";"2";"3";"2";"4";"4";"1";"1";7;"0";1;"cnj";"cnj";7;5;2;TRUE;TRUE;TRUE
"94";"2017-03-22";"ms";"pro-first";7;8;7;6;6;3;2;4;1;3;"1";"2";"3";"1";"1";"4";"1";"1";"4";"1";"1";"2";"1";"4";"2";"1";"2";"1";"4";"1";"2";"2";"5";"1";"3";"2";"2";"3";"4";"1";"1";"1";"1";"3";"1";"1";"3";"4";"3";"2";"2";"2";"2";"1";"1";"1";"1";"4";"1";"1";"4";"3";"3";"1";"1";"5";"1";"1";"1";"1";"1";"1";8;"0";1;"cnj";"cnj";6,33333333333333;2,66666666666667;3,66666666666667;TRUE;TRUE;TRUE
"95";"2017-03-22";"ms";"pro-first";6;7;7;5;6;6;5;5;4;5;"1";"2";"3";"2";"1";"1";"1";"2";"3";"4";"1";"1";"1";"2";"2";"1";"2";"1";"1";"3";"1";"2";"2";"1";"1";"2";"2";"3";"2";"1";"1";"1";"1";"1";"2";"1";"1";"2";"2";"2";"3";"2";"2";"1";"1";"1";"1";"3";"1";"2";"1";"2";"1";"2";"2";"3";"2";"1";"2";"2";"1";"1";8;"0";1;"cnj";"cnj";6;4,66666666666667;1,33333333333333;TRUE;TRUE;TRUE
"96";"2017-03-22";"tv";"anti-first";8;7;7;9;7;7;5;6;6;7;"3";"1";"3";"1";"1";"1";"1";"3";"5";"2";"2";"1";"1";"4";"1";"1";"3";"1";"1";"1";"1";"1";"4";"1";"1";"4";"4";"5";"5";"1";"1";"2";"1";"1";"3";"1";"1";"4";"1";"2";"2";"1";"2";"1";"1";"1";"1";"3";"1";"1";"1";"1";"1";"1";"2";"5";"1";"1";"4";"2";"1";"1";7;"0";1;"cnj";"cnj";7,66666666666667;6,33333333333333;1,33333333333333;TRUE;TRUE;TRUE
"97";"2017-03-22";"tv";"anti-first";7;8;8;8;7;6;6;7;5;7;"3";"5";"4";"5";"1";"4";"5";"3";"5";"5";"3";"5";"5";"4";"5";"5";"5";"5";"5";"5";"5";"5";"4";"5";"3";"4";"4";"4";"4";"4";"5";"5";"5";"5";"4";"5";"4";"4";"5";"4";"5";"5";"4";"5";"5";"5";"5";"4";"4";"5";"4";"4";"5";"5";"5";"5";"5";"4";"4";"5";"1";"1";9;"0";1;"cnj";"cnj";7,66666666666667;6,33333333333333;1,33333333333333;TRUE;TRUE;TRUE
"100";"2017-03-22";"ms";"anti-first";7;7;6;8;6;7;7;5;5;5;"2";"1";"3";"2";"1";"5";"2";"2";"4";"1";"2";"1";"1";"4";"3";"1";"2";"1";"2";"2";"1";"1";"4";"2";"1";"3";"2";"4";"3";"2";"1";"1";"1";"2";"2";"2";"4";"3";"1";"3";"1";"2";"2";"1";"2";"3";"1";"3";"2";"1";"4";"1";"2";"1";"1";"4";"1";"3";"3";"2";"1";"1";9;"0";1;"cnj";"cnj";6,66666666666667;5;1,66666666666667;TRUE;TRUE;TRUE
"101";"2017-03-22";"tv";"anti-first";8;8;7;7;7;4;4;2;3;3;"3";"1";"3";"1";"1";"3";"2";"3";"5";"1";"3";"1";"3";"3";"2";"1";"3";"1";"1";"1";"3";"4";"2";"1";"1";"4";"3";"1";"4";"3";"1";"1";"2";"1";"1";"1";"4";"3";"2";"4";"1";"1";"3";"1";"3";"1";"1";"4";"1";"1";"4";"4";"2";"1";"1";"4";"1";"1";"2";"1";"1";"1";7;"0";1;"cnj";"cnj";7;2,66666666666667;4,33333333333333;TRUE;TRUE;TRUE
"103";"2017-03-22";"ms";"anti-first";7;8;9;8;8;6;4;8;6;4;"1";"2";"1";"1";"1";"1";"1";"1";"4";"5";"1";"4";"1";"4";"4";"1";"3";"1";"1";"4";"1";"4";"4";"1";"4";"1";"1";"1";"1";"3";"1";"4";"1";"1";"1";"1";"1";"4";"4";"4";"3";"4";"1";"1";"1";"1";"1";"1";"4";"1";"3";"1";"1";"5";"5";"4";"1";"5";"4";"1";"1";"1";8;"0";1;"cnj";"cnj";8,33333333333333;6;2,33333333333333;TRUE;TRUE;TRUE
"105";"2017-03-22";"tv";"anti-first";9;9;9;9;9;1;1;1;1;1;"2";"1";"3";"1";"1";"2";"1";"3";"4";"1";"3";"1";"2";"2";"2";"1";"1";"1";"1";"2";"1";"1";"2";"1";"1";"3";"1";"3";"1";"1";"1";"1";"1";"1";"1";"1";"1";"5";"1";"1";"1";"1";"3";"1";"1";"1";"1";"2";"2";"1";"2";"3";"4";"1";"1";"5";"1";"1";"2";"1";"1";"1";9;"0";1;"cnj";"cnj";9;1;8;TRUE;TRUE;TRUE
"106";"2017-03-22";"ms";"pro-first";6;6;6;6;6;6;6;6;6;6;"1";"1";"1";"1";"1";"1";"1";"1";"3";"1";"1";"1";"1";"1";"1";"1";"2";"1";"1";"1";"1";"1";"1";"1";"1";"1";"1";"1";"1";"1";"1";"1";"1";"1";"1";"1";"2";"1";"1";"2";"1";"1";"1";"1";"1";"1";"1";"1";"1";"1";"1";"1";"1";"1";"1";"2";"1";"1";"1";"1";"1";"1";7;"0";1;"cnj";"cnj";6;6;0;TRUE;TRUE;TRUE
"107";"2017-03-22";"tv";"anti-first";7;8;7;7;7;3;2;4;4;4;"2";"1";"2";"1";"1";"3";"1";"1";"2";"1";"2";"1";"1";"4";"3";"1";"3";"1";"1";"3";"3";"3";"4";"1";"1";"3";"2";"1";"3";"1";"1";"1";"1";"1";"1";"1";"4";"3";"2";"2";"1";"1";"1";"1";"2";"1";"1";"1";"1";"2";"3";"2";"2";"1";"1";"4";"1";"1";"3";"1";"1";"1";8;"0";1;"cnj";"cnj";7;4;3;TRUE;TRUE;TRUE
"108";"2017-03-22";"tv";"anti-first";7;6;6;7;7;6;5;6;4;6;"3";"1";"3";"3";"1";"4";"1";"4";"5";"1";"4";"1";"3";"4";"4";"1";"2";"1";"4";"1";"1";"1";"3";"1";"1";"4";"4";"4";"4";"3";"2";"1";"1";"2";"1";"1";"4";"3";"1";"4";"1";"1";"3";"1";"4";"1";"1";"4";"3";"2";"2";"4";"3";"2";"1";"4";"1";"2";"1";"1";"1";"1";7;"0";1;"cnj";"cnj";6,66666666666667;5,33333333333333;1,33333333333333;TRUE;TRUE;TRUE
"111";"2017-03-22";"ms";"anti-first";8;8;7;7;7;3;3;7;2;5;"4";"1";"4";"1";"1";"4";"1";"4";"4";"1";"4";"1";"2";"1";"1";"1";"1";"4";"1";"1";"3";"1";"1";"1";"1";"5";"4";"5";"4";"1";"1";"1";"1";"1";"4";"1";"4";"3";"4";"4";"1";"1";"4";"1";"5";"1";"1";"4";"5";"5";"4";"4";"4";"1";"1";"4";"1";"1";"1";"1";"1";"1";7;"0";1;"cnj";"cnj";7;4,66666666666667;2,33333333333333;TRUE;TRUE;TRUE
"112";"2017-03-22";"tv";"pro-first";7;7;6;7;8;6;4;6;6;7;"3";"1";"3";"1";"1";"4";"1";"3";"4";"1";"3";"1";"3";"4";"1";"1";"2";"1";"1";"1";"1";"1";"3";"1";"2";"3";"2";"2";"4";"1";"1";"1";"1";"2";"1";"1";"2";"4";"2";"3";"1";"1";"2";"1";"1";"1";"1";"2";"1";"1";"2";"2";"1";"1";"1";"4";"1";"1";"1";"1";"1";"1";8;"0";1;"cnj";"cnj";7;6,33333333333333;0,666666666666667;TRUE;TRUE;TRUE
"118";"2017-03-22";"tv";"anti-first";5;7;4;7;4;6;4;7;3;7;"2";"1";"4";"1";"1";"2";"1";"2";"3";"1";"2";"1";"1";"5";"2";"1";"1";"1";"1";"1";"1";"2";"5";"1";"2";"3";"3";"4";"2";"2";"1";"1";"1";"1";"4";"2";"2";"2";"1";"3";"1";"1";"2";"1";"3";"1";"1";"4";"4";"2";"2";"2";"2";"1";"1";"3";"1";"2";"3";"1";"1";"1";7;"0";1;"cnj";"cnj";5;5,66666666666667;-0,666666666666667;TRUE;TRUE;TRUE
"119";"2017-03-23";"tv";"anti-first";8;8;7;7;7;6;4;5;4;3;"5";"1";"4";"1";"1";"5";"1";"4";"4";"1";"4";"1";"3";"4";"3";"2";"2";"2";"1";"1";"3";"1";"2";"1";"1";"5";"4";"4";"4";"3";"1";"1";"3";"1";"4";"1";"4";"4";"2";"4";"1";"1";"3";"1";"5";"1";"1";"4";"4";"2";"4";"4";"4";"1";"1";"3";"2";"1";"1";"1";"1";"1";9;"0";1;"cnj";"cnj";7;4;3;TRUE;TRUE;TRUE
"121";"2017-03-23";"ms";"pro-first";8;9;8;8;8;5;4;6;3;6;"3";"1";"1";"1";"1";"4";"1";"1";"4";"1";"2";"1";"1";"3";"1";"1";"2";"1";"1";"1";"2";"1";"3";"1";"1";"3";"1";"2";"3";"1";"1";"1";"1";"1";"2";"1";"4";"3";"1";"3";"1";"1";"1";"1";"3";"1";"1";"2";"2";"1";"4";"2";"1";"1";"1";"3";"1";"1";"2";"1";"1";"1";9;"0";1;"cnj";"cnj";8;5;3;TRUE;TRUE;TRUE
"123";"2017-03-23";"ms";"anti-first";7;6;7;5;6;8;8;6;7;6;"1";"3";"1";"2";"1";"2";"1";"1";"3";"1";"1";"1";"1";"1";"4";"1";"2";"1";"1";"4";"1";"2";"1";"1";"1";"3";"1";"4";"3";"1";"1";"1";"1";"3";"1";"1";"2";"3";"3";"1";"1";"3";"1";"1";"1";"1";"1";"2";"1";"1";"1";"1";"1";"1";"1";"4";"2";"1";"3";"3";"1";"1";7;"0";1;"cnj";"cnj";6;6,33333333333333;-0,333333333333333;TRUE;TRUE;TRUE
"125";"2017-03-23";"ms";"pro-first";6;7;4;5;5;3;2;6;1;6;"3";"2";"3";"1";"1";"3";"1";"4";"4";"1";"3";"1";"2";"4";"4";"1";"2";"1";"1";"2";"1";"1";"4";"1";"1";"3";"3";"2";"3";"1";"1";"1";"1";"1";"3";"1";"2";"4";"1";"4";"2";"1";"3";"1";"3";"1";"1";"2";"3";"1";"2";"3";"1";"1";"1";"3";"1";"3";"4";"1";"1";"1";9;"0";1;"cnj";"cnj";4,66666666666667;4,33333333333333;0,333333333333334;TRUE;TRUE;TRUE
"126";"2017-03-23";"ms";"anti-first";8;9;7;9;8;6;4;7;6;5;"4";"2";"5";"1";"1";"3";"1";"4";"5";"1";"4";"1";"1";"4";"2";"1";"2";"2";"1";"2";"1";"1";"4";"1";"1";"4";"4";"5";"5";"1";"1";"1";"1";"1";"5";"1";"3";"3";"1";"3";"3";"1";"3";"2";"4";"1";"1";"5";"5";"2";"3";"4";"5";"1";"1";"4";"1";"1";"1";"1";"1";"1";9;"0";1;"cnj";"cnj";8;6;2;TRUE;TRUE;TRUE
"135";"2015-03-23";"ms";"pro-first";7;8;8;8;8;7;6;7;4;7;"2";"1";"1";"1";"1";"3";"1";"1";"5";"2";"1";"1";"1";"3";"1";"1";"3";"1";"1";"1";"1";"1";"4";"1";"1";"1";"1";"1";"2";"1";"1";"1";"1";"1";"1";"1";"4";"1";"1";"3";"2";"1";"1";"1";"1";"1";"1";"3";"1";"1";"4";"1";"1";"1";"1";"5";"1";"1";"4";"1";"1";"1";8;"0";1;"cnj";"cnj";8;6;2;TRUE;TRUE;TRUE
"139";"2017-03-23";"tv";"anti-first";8;8;8;8;8;4;3;5;4;4;"3";"3";"2";"1";"1";"2";"1";"2";"4";"3";"3";"1";"1";"3";"3";"1";"3";"1";"3";"3";"3";"2";"3";"1";"1";"4";"3";"3";"3";"3";"3";"1";"1";"3";"1";"1";"2";"3";"2";"2";"2";"1";"2";"1";"3";"2";"1";"3";"3";"1";"2";"2";"3";"1";"1";"3";"1";"3";"2";"1";"1";"1";7;"0";1;"cnj";"cnj";8;4,33333333333333;3,66666666666667;TRUE;TRUE;TRUE
"5";"4/25/2017";"tv";"pro-first";7;7;7;7;7;7;7;7;7;7;"3";"1";"2";"1";"1";"3";"1";"1";"2";"1";"1";"1";"1";"2";"1";"1";"2";"1";"1";"1";"1";"1";"2";"1";"1";"2";"1";"2";"3";"1";"1";"1";"1";"1";"1";"1";"2";"2";"2";"1";"1";"1";"2";"1";"1";"1";"1";"1";"1";"1";"2";"1";"1";"1";"1";"2";"1";"1";"1";"1";"1";"1";7;"0";1;"pace_expert";"pace";7;7;0;TRUE;TRUE;TRUE
"8";"4/25/2017";"tv";"pro-first";5;5;5;5;5;5;5;5;5;5;"3";"2";"3";"3";"1";"3";"1";"1";"4";"2";"2";"1";"3";"4";"5";"1";"2";"1";"1";"3";"1";"2";"4";"3";"2";"4";"1";"3";"4";"3";"1";"2";"1";"1";"2";"2";"3";"4";"2";"3";"1";"1";"2";"1";"3";"1";"1";"3";"3";"1";"2";"2";"3";"1";"1";"2";"2";"3";"3";"3";"1";"1";7;"0";1;"pace_expert";"pace";5;5;0;TRUE;TRUE;TRUE
"9";"4/25/2017";"ms";"anti-first";8;8;8;7;7;7;6;7;4;1;"3";"2";"1";"1";"1";"5";"1";"1";"4";"2";"1";"2";"1";"5";"2";"1";"3";"1";"3";"3";"1";"1";"5";"1";"4";"4";"1";"3";"4";"2";"1";"1";"1";"3";"1";"1";"5";"4";"1";"1";"3";"3";"1";"1";"3";"1";"1";"4";"1";"1";"3";"1";"2";"2";"1";"2";"1";"3";"4";"1";"1";"1";9;"0";1;"pace_expert";"pace";7,33333333333333;4;3,33333333333333;TRUE;TRUE;TRUE
"10";"4/25/2017";"tv";"pro-first";5;5;6;5;6;1;1;1;1;1;"2";"1";"1";"1";"1";"4";"1";"1";"1";"1";"1";"1";"1";"1";"1";"1";"1";"1";"1";"1";"1";"1";"1";"1";"1";"3";"1";"3";"1";"1";"1";"1";"1";"1";"3";"1";"1";"4";"1";"3";"1";"1";"1";"1";"1";"1";"1";"3";"1";"1";"2";"2";"1";"1";"1";"3";"1";"1";"1";"1";"1";"1";9;"0";1;"pace_expert";"pace";5,66666666666667;1;4,66666666666667;TRUE;TRUE;TRUE
"14";"5/1/2017";"tv";"pro-first";8;8;6;7;6;3;3;6;3;5;"5";"1";"3";"1";"1";"5";"1";"2";"5";"1";"5";"1";"1";"3";"1";"1";"1";"1";"1";"1";"1";"1";"3";"1";"1";"5";"1";"3";"5";"1";"1";"1";"1";"1";"5";"1";"5";"5";"1";"3";"1";"1";"3";"1";"4";"1";"1";"5";"4";"3";"5";"2";"1";"1";"1";"4";"1";"3";"2";"1";"1";"1";9;"0";1;"pace_expert";"pace";6,33333333333333;4,66666666666667;1,66666666666667;TRUE;TRUE;TRUE
"15";"5/1/2017";"ms";"anti-first";7;7;6;6;6;2;1;6;3;4;"2";"2";"3";"1";"1";"5";"1";"1";"3";"1";"2";"1";"1";"5";"1";"1";"4";"1";"1";"1";"1";"1";"4";"1";"1";"2";"1";"1";"3";"1";"1";"1";"1";"1";"1";"1";"4";"2";"1";"1";"1";"1";"2";"1";"2";"1";"1";"2";"1";"1";"4";"2";"2";"1";"1";"3";"1";"1";"4";"1";"1";"1";9;"0";1;"pace_expert";"pace";6;4,33333333333333;1,66666666666667;TRUE;TRUE;TRUE
"16";"5/1/2017";"tv";"pro-first";7;7;8;7;7;2;1;2;1;2;"2";"1";"2";"1";"1";"2";"1";"3";"4";"1";"2";"1";"2";"2";"3";"1";"3";"1";"1";"3";"2";"2";"3";"1";"1";"3";"1";"3";"4";"2";"1";"1";"1";"1";"2";"1";"2";"4";"2";"3";"1";"2";"2";"1";"3";"1";"1";"3";"3";"2";"3";"1";"1";"1";"1";"4";"1";"2";"2";"1";"1";"1";9;"0";1;"pace_expert";"pace";7,33333333333333;1,66666666666667;5,66666666666667;TRUE;TRUE;TRUE
"20";"5/1/2017";"ms";"pro-first";9;9;9;9;9;7;7;8;6;7;"2";"4";"2";"1";"1";"3";"1";"1";"4";"1";"1";"4";"1";"5";"3";"1";"4";"1";"5";"1";"1";"1";"5";"1";"1";"3";"1";"2";"1";"1";"1";"1";"1";"5";"1";"1";"4";"1";"1";"4";"2";"4";"1";"1";"2";"1";"1";"1";"2";"1";"2";"1";"3";"1";"1";"1";"1";"4";"5";"1";"1";"1";8;"0";1;"pace_expert";"pace";9;7;2;TRUE;TRUE;TRUE
"21";"5/1/2017";"ms";"anti-first";8;4;5;4;4;7;5;8;5;6;"1";"4";"1";"5";"4";"2";"5";"1";"1";"5";"2";"3";"1";"5";"4";"3";"3";"2";"4";"4";"2";"4";"4";"5";"1";"2";"2";"1";"1";"2";"2";"4";"1";"3";"1";"1";"1";"1";"4";"1";"4";"5";"1";"1";"2";"5";"4";"2";"1";"2";"1";"1";"1";"3";"4";"1";"4";"3";"2";"4";"1";"1";7;"0";1;"pace_expert";"pace";4,33333333333333;6,33333333333333;-2;TRUE;TRUE;TRUE
"29";"5/1/2017";"ms";"pro-first";8;8;8;8;8;1;1;4;1;4;"3";"2";"2";"1";"3";"4";"2";"2";"2";"1";"3";"3";"2";"3";"1";"1";"3";"1";"1";"2";"4";"1";"4";"2";"2";"3";"1";"3";"4";"1";"2";"1";"2";"1";"2";"2";"5";"2";"1";"1";"2";"1";"4";"1";"2";"3";"1";"3";"2";"3";"4";"3";"4";"1";"1";"3";"1";"3";"2";"1";"1";"1";9;"0";1;"pace_expert";"pace";8;3;5;TRUE;TRUE;TRUE
"45";"5/1/2017";"tv";"anti-first";7;7;7;7;7;7;7;6;7;6;"4";"1";"5";"2";"1";"3";"2";"3";"5";"2";"5";"1";"1";"4";"2";"1";"1";"2";"1";"3";"3";"2";"4";"1";"1";"3";"3";"3";"5";"1";"1";"3";"1";"1";"3";"1";"3";"5";"5";"5";"2";"1";"4";"1";"4";"1";"2";"5";"4";"5";"2";"5";"4";"1";"1";"5";"1";"1";"4";"3";"1";"1";7;"0";1;"pace_expert";"pace";7;6,33333333333333;0,666666666666667;TRUE;TRUE;TRUE
"49";"5/2/2017";"ms";"anti-first";8;8;8;9;8;6;4;3;1;3;"3";"1";"4";"1";"1";"5";"1";"2";"5";"1";"4";"3";"1";"4";"3";"3";"3";"2";"1";"1";"2";"4";"4";"1";"2";"4";"2";"5";"4";"3";"1";"1";"1";"1";"5";"2";"5";"5";"1";"4";"1";"1";"3";"1";"2";"1";"1";"5";"3";"4";"5";"3";"3";"1";"1";"5";"1";"1";"5";"1";"1";"1";7;"0";1;"pace_expert";"pace";8,33333333333333;2,33333333333333;6;TRUE;TRUE;TRUE
"51";"5/2/2017";"ms";"anti-first";7;7;7;8;8;4;4;5;4;5;"3";"1";"3";"1";"1";"2";"1";"3";"2";"1";"2";"1";"1";"5";"1";"1";"1";"4";"1";"2";"1";"1";"5";"1";"1";"4";"3";"4";"4";"1";"1";"1";"1";"1";"2";"1";"4";"2";"1";"2";"1";"1";"2";"1";"3";"1";"1";"2";"1";"3";"3";"2";"1";"1";"1";"4";"1";"2";"1";"1";"1";"1";8;"0";1;"pace_expert";"pace";7,66666666666667;4,66666666666667;3;TRUE;TRUE;TRUE
"52";"5/2/2017";"tv";"pro-first";8;8;9;8;8;5;4;5;5;3;"4";"1";"5";"1";"2";"5";"2";"4";"3";"3";"4";"3";"1";"1";"2";"1";"1";"1";"1";"2";"2";"1";"1";"1";"3";"4";"3";"4";"5";"2";"2";"1";"3";"1";"3";"1";"4";"5";"1";"4";"1";"3";"4";"1";"3";"2";"1";"5";"3";"1";"3";"4";"4";"1";"2";"5";"2";"1";"4";"2";"1";"1";9;"0";1;"pace_expert";"pace";8,33333333333333;4,33333333333333;4;TRUE;TRUE;TRUE
"57";"5/3/2017";"ms";"anti-first";7;7;7;7;7;5;3;6;6;5;"4";"1";"1";"1";"1";"3";"1";"3";"4";"1";"4";"1";"1";"1";"1";"1";"1";"1";"1";"1";"1";"1";"1";"1";"1";"4";"4";"4";"4";"1";"1";"1";"1";"1";"3";"1";"3";"4";"1";"1";"1";"1";"3";"1";"4";"1";"1";"4";"4";"1";"2";"3";"1";"1";"1";"4";"1";"1";"1";"1";"1";"1";9;"0";1;"pace_expert";"pace";7;5,66666666666667;1,33333333333333;TRUE;TRUE;TRUE
"61";"5/3/2017";"tv";"pro-first";9;8;7;7;7;3;4;4;2;4;"3";"1";"1";"1";"1";"5";"1";"2";"4";"1";"3";"1";"1";"4";"2";"1";"2";"1";"1";"2";"1";"1";"3";"1";"1";"4";"3";"3";"2";"1";"1";"1";"1";"1";"1";"1";"3";"5";"2";"3";"1";"1";"2";"1";"3";"1";"1";"3";"1";"2";"3";"2";"3";"1";"1";"5";"1";"4";"1";"1";"1";"1";9;"0";1;"pace_expert";"pace";7;3,33333333333333;3,66666666666667;TRUE;TRUE;TRUE
"63";"5/3/2017";"tv";"anti-first";7;7;5;7;6;5;6;6;3;5;"2";"1";"2";"1";"1";"3";"1";"1";"3";"1";"2";"1";"1";"2";"1";"1";"2";"1";"1";"1";"1";"1";"2";"1";"1";"2";"1";"2";"3";"1";"1";"1";"1";"1";"2";"1";"5";"2";"1";"2";"1";"1";"1";"1";"1";"1";"1";"3";"1";"1";"3";"2";"4";"1";"1";"2";"1";"1";"2";"1";"1";"1";7;"0";1;"pace_expert";"pace";6;4,66666666666667;1,33333333333333;TRUE;TRUE;TRUE
"73";"5/3/2017";"ms";"anti-first";8;8;8;7;7;9;8;8;8;8;"4";"1";"4";"1";"3";"4";"2";"3";"5";"1";"3";"3";"1";"1";"2";"1";"1";"2";"4";"1";"4";"1";"1";"1";"4";"3";"2";"4";"4";"2";"1";"2";"1";"1";"3";"2";"3";"4";"1";"4";"2";"2";"3";"1";"3";"1";"1";"3";"4";"3";"4";"4";"4";"1";"1";"5";"1";"4";"1";"1";"1";"1";7;"0";1;"pace_expert";"pace";7,33333333333333;8;-0,666666666666667;TRUE;TRUE;TRUE
"75";"5/3/2017";"tv";"pro-first";7;7;8;7;7;7;6;8;7;8;"3";"1";"4";"1";"1";"3";"1";"1";"4";"1";"3";"1";"1";"4";"1";"1";"2";"1";"1";"1";"1";"1";"4";"1";"1";"4";"3";"4";"4";"1";"1";"1";"1";"1";"4";"1";"3";"1";"1";"4";"1";"1";"1";"1";"1";"1";"1";"4";"4";"2";"3";"3";"3";"1";"1";"4";"1";"1";"1";"1";"1";"1";7;"0";1;"pace_expert";"pace";7,33333333333333;7,66666666666667;-0,333333333333334;TRUE;TRUE;TRUE
"76";"5/9/2017";"ms";"anti-first";6;6;8;8;7;7;7;6;4;5;"3";"2";"3";"2";"3";"2";"4";"2";"4";"3";"2";"3";"4";"4";"3";"1";"2";"4";"1";"3";"3";"4";"3";"3";"2";"3";"1";"4";"4";"3";"2";"3";"4";"1";"1";"1";"2";"2";"3";"1";"4";"2";"2";"1";"2";"2";"1";"2";"2";"3";"1";"1";"3";"1";"4";"3";"1";"1";"1";"1";"1";"1";8;"0";1;"pace_expert";"pace";7,66666666666667;5;2,66666666666667;TRUE;TRUE;TRUE
"77";"5/9/2017";"tv";"anti-first";9;8;7;6;3;9;4;9;4;4;"2";"1";"5";"1";"2";"2";"1";"5";"2";"1";"1";"1";"2";"2";"5";"3";"2";"1";"1";"2";"2";"2";"1";"1";"2";"1";"1";"5";"5";"1";"1";"1";"1";"2";"4";"1";"5";"5";"4";"1";"3";"1";"4";"1";"4";"5";"3";"1";"3";"5";"2";"2";"3";"1";"1";"3";"3";"1";"4";"4";"1";"1";9;"0";1;"pace_expert";"pace";5,33333333333333;5,66666666666667;-0,333333333333334;TRUE;TRUE;TRUE
"78";"5/9/2017";"ms";"pro-first";6;6;5;6;4;5;4;4;4;5;"1";"3";"1";"2";"1";"2";"1";"1";"2";"3";"1";"2";"1";"4";"4";"1";"4";"1";"3";"1";"1";"2";"4";"2";"1";"1";"1";"1";"2";"1";"1";"2";"1";"2";"1";"1";"2";"1";"2";"1";"2";"2";"1";"1";"1";"1";"1";"1";"1";"1";"1";"1";"1";"2";"3";"1";"1";"1";"2";"1";"1";"1";7;"0";1;"pace_expert";"pace";5;4,33333333333333;0,666666666666667;TRUE;TRUE;TRUE
"79";"5/9/2017";"ms";"pro-first";9;8;8;8;9;4;3;6;6;6;"2";"1";"3";"1";"1";"5";"1";"2";"4";"1";"2";"1";"1";"3";"1";"1";"2";"2";"1";"2";"1";"1";"2";"1";"1";"4";"1";"3";"3";"1";"1";"1";"1";"1";"3";"1";"4";"3";"1";"4";"1";"1";"2";"1";"3";"1";"1";"3";"3";"3";"5";"2";"3";"1";"1";"5";"1";"1";"2";"1";"1";"1";7;"0";1;"pace_expert";"pace";8,33333333333333;6;2,33333333333333;TRUE;TRUE;TRUE
"84";"5/9/2017";"tv";"pro-first";8;8;8;7;6;2;2;3;2;1;"3";"1";"1";"1";"1";"2";"1";"2";"2";"1";"3";"1";"1";"4";"1";"1";"1";"1";"1";"3";"2";"3";"5";"1";"1";"2";"1";"2";"1";"1";"2";"1";"1";"1";"1";"1";"3";"1";"1";"2";"3";"1";"2";"1";"1";"1";"1";"1";"2";"1";"1";"3";"1";"1";"1";"5";"1";"1";"3";"1";"1";"1";8;"0";1;"pace_expert";"pace";7;2;5;TRUE;TRUE;TRUE
"85";"5/9/2017";"tv";"anti-first";7;7;5;6;6;1;5;2;2;5;"2";"1";"1";"1";"1";"2";"1";"1";"1";"1";"1";"1";"1";"3";"1";"2";"2";"1";"1";"1";"1";"1";"3";"1";"1";"1";"1";"1";"1";"1";"1";"1";"1";"1";"1";"1";"1";"3";"1";"1";"3";"1";"1";"1";"1";"1";"1";"1";"1";"1";"2";"1";"1";"1";"1";"1";"1";"1";"3";"1";"1";"1";9;"0";1;"pace_expert";"pace";5,66666666666667;3;2,66666666666667;TRUE;TRUE;TRUE
"86";"5/9/2017";"ms";"pro-first";9;9;6;8;7;3;2;6;1;6;"2";"1";"1";"1";"1";"5";"1";"1";"4";"3";"1";"5";"2";"2";"3";"1";"1";"1";"1";"2";"1";"1";"2";"1";"2";"4";"1";"3";"2";"2";"1";"1";"1";"1";"4";"1";"4";"4";"1";"1";"1";"1";"1";"1";"1";"1";"1";"2";"3";"1";"4";"1";"2";"1";"1";"5";"1";"3";"1";"1";"1";"1";9;"0";1;"pace_expert";"pace";7;4,33333333333333;2,66666666666667;TRUE;TRUE;TRUE
"88";"5/9/2017";"ms";"pro-first";9;9;8;7;8;1;1;2;2;2;"4";"1";"5";"1";"1";"4";"1";"3";"4";"1";"4";"1";"1";"2";"1";"1";"1";"3";"1";"1";"1";"1";"2";"1";"1";"4";"3";"4";"5";"1";"1";"1";"1";"1";"1";"4";"1";"4";"1";"4";"2";"1";"3";"1";"4";"1";"1";"4";"3";"1";"3";"4";"3";"1";"1";"4";"1";"1";"1";"1";"1";"1";9;"0";1;"pace_expert";"pace";7,66666666666667;2;5,66666666666667;TRUE;TRUE;TRUE
"90";"5/9/2017";"tv";"anti-first";5;6;4;5;4;3;2;3;3;2;"3";"2";"3";"1";"1";"5";"1";"1";"5";"1";"3";"1";"3";"1";"1";"1";"2";"1";"1";"2";"1";"1";"1";"1";"1";"3";"3";"5";"4";"3";"1";"1";"1";"1";"1";"1";"5";"5";"1";"5";"1";"1";"2";"1";"2";"1";"1";"4";"5";"2";"5";"3";"4";"1";"1";"5";"1";"3";"1";"1";"1";"1";7;"0";1;"pace_expert";"pace";4,33333333333333;2,66666666666667;1,66666666666667;TRUE;TRUE;TRUE
"91";"5/9/2017";"tv";"anti-first";6;7;6;6;7;9;7;8;8;8;"2";"2";"2";"1";"1";"3";"1";"2";"3";"1";"2";"1";"3";"5";"4";"4";"4";"1";"1";"2";"1";"2";"5";"1";"1";"3";"1";"2";"3";"1";"1";"1";"1";"2";"2";"1";"1";"2";"3";"2";"1";"1";"1";"3";"2";"2";"1";"3";"2";"1";"3";"2";"1";"3";"1";"3";"1";"1";"5";"1";"1";"1";7;"0";1;"pace_expert";"pace";6,33333333333333;8;-1,66666666666667;TRUE;TRUE;TRUE
"95";"5/9/2017";"tv";"pro-first";5;5;4;7;6;2;1;3;2;2;"3";"1";"4";"1";"1";"3";"1";"1";"5";"1";"4";"1";"2";"2";"1";"1";"1";"2";"1";"1";"3";"1";"2";"1";"1";"3";"3";"5";"4";"2";"2";"1";"1";"1";"4";"2";"4";"4";"2";"4";"2";"1";"3";"2";"4";"2";"1";"4";"3";"4";"3";"3";"5";"1";"1";"3";"2";"2";"1";"1";"1";"1";7;"0";1;"pace_expert";"pace";5,66666666666667;2,33333333333333;3,33333333333333;TRUE;TRUE;TRUE
"97";"5/9/2017";"ms";"anti-first";7;8;7;7;7;7;7;8;4;8;"2";"3";"4";"1";"4";"4";"2";"3";"5";"3";"1";"1";"2";"2";"2";"1";"2";"2";"1";"2";"3";"2";"1";"1";"4";"1";"1";"3";"4";"2";"1";"2";"3";"1";"2";"2";"2";"5";"2";"4";"4";"3";"1";"3";"1";"3";"1";"3";"1";"4";"3";"2";"4";"2";"2";"5";"1";"1";"1";"1";"1";"1";9;"0";1;"pace_expert";"pace";7;6,66666666666667;0,333333333333333;TRUE;TRUE;TRUE
"101";"5/9/2017";"ms";"pro-first";7;9;8;7;8;5;2;7;5;7;"2";"1";"3";"1";"1";"1";"1";NA;"2";"1";"3";"1";"1";"1";"1";"1";"1";"1";"1";"1";"1";"1";"1";"1";"1";"2";"1";"2";"2";"1";"1";"1";"1";"1";"4";"1";"3";"1";"2";NA;"1";"1";"1";"1";"1";"1";"1";"2";"1";"1";"1";"1";"1";"1";"1";"1";"1";"1";"1";"1";"1";"1";9;"0";1;"pace_expert";"pace";7,66666666666667;6,33333333333333;1,33333333333333;TRUE;TRUE;TRUE
"3";NA;"ms";"pro-first";5;4;7;5;4;4;4;5;2;5;"1";"3";"2";"3";"1";"3";"1";"1";"1";"4";"1";"2";"1";"5";"3";"1";"4";"1";"3";"1";"1";"1";"5";"2";"1";"2";"1";"1";"3";"3";"1";"2";"1";"3";"1";"1";"2";"2";"1";"1";"1";"2";"1";"1";"2";"1";"1";"1";"1";"1";"2";"1";"1";"2";"1";"2";"2";"2";"5";"5";"1";"1";9;"0";1;"vcu";"vcu";5,33333333333333;4;1,33333333333333;TRUE;TRUE;TRUE
"7";NA;"ms";"pro-first";9;9;9;9;8;9;8;8;8;8;"1";"4";"3";"3";"1";"4";"1";"2";"1";"1";"1";"1";"2";"5";"3";"2";"3";"1";"5";"4";"2";"1";"5";"4";"3";"2";"1";"2";"2";"2";"1";"1";"1";"5";"1";"1";"1";"1";"1";"1";"2";"2";"1";"1";"1";"1";"1";"1";"1";"2";"2";"1";"2";"3";"2";"5";"2";"4";"1";"4";"1";"1";8;"0";1;"vcu";"vcu";8,66666666666667;8;0,666666666666666;TRUE;TRUE;TRUE
"8";NA;"ms";"pro-first";9;9;9;9;9;6;3;6;3;2;"1";"5";"3";"4";"3";"1";"4";"1";"4";"5";"1";"5";"2";"1";"5";"4";"1";"1";"4";"5";"1";"5";"1";"3";"3";"1";"1";"5";"2";"5";"1";"5";"2";"4";"1";"4";"1";"5";"5";"2";"2";"4";"3";"2";"1";"3";"3";"2";"4";"1";"1";"3";"1";"3";"5";"5";"4";"1";"1";"5";"1";"1";8;"0";1;"vcu";"vcu";9;3,66666666666667;5,33333333333333;TRUE;TRUE;TRUE
"15";NA;"tv";"pro-first";8;8;7;8;7;3;2;6;2;6;"2";"1";"2";"1";"1";"4";"1";"2";"3";"1";"3";"1";"1";"1";"1";"1";"1";"1";"1";"1";"1";"1";"1";"1";"1";"3";"1";"3";"1";"1";"1";"1";"1";"1";"3";"1";"3";"3";"1";"3";"1";"1";"2";"1";"2";"1";"1";"3";"2";"1";"4";"2";"2";"1";"1";"3";"1";"1";"1";"1";"1";"1";8;"0";1;"vcu";"vcu";7,33333333333333;4,66666666666667;2,66666666666667;TRUE;TRUE;TRUE
"18";NA;"tv";"anti-first";7;7;8;8;8;7;7;8;8;9;"3";"1";"1";"1";"1";"4";"1";"1";"3";"1";"2";"5";"1";"5";"2";"1";"4";"1";"3";"1";"1";"1";"5";"1";"1";"3";"1";"5";"2";"1";"1";"1";"1";"3";"3";"1";"3";"1";"1";"1";"1";"1";"1";"1";"1";"1";"1";"3";"1";"1";"2";"2";"1";"1";"1";"2";"1";"1";"5";"1";"1";"1";9;"0";1;"vcu";"vcu";8;8,33333333333333;-0,333333333333334;TRUE;TRUE;TRUE
"21";NA;"ms";"anti-first";8;8;8;8;6;4;4;6;2;6;"3";"1";"2";"1";"1";"5";"1";"1";"3";"2";"3";"1";"1";"1";"2";"1";"1";"1";"1";"1";"1";"2";"1";"1";"3";"4";"3";"5";"5";"3";"1";"2";"1";"1";"3";"1";"5";"5";"1";"3";"1";"1";"4";"1";"1";"1";"1";"3";"2";"3";"3";"3";"4";"1";"1";"4";"1";"1";"1";"1";"1";"1";8;"0";1;"vcu";"vcu";7,33333333333333;4,66666666666667;2,66666666666667;TRUE;TRUE;TRUE
"7";NA;"ms";"pro-first";9;9;9;9;8;9;8;8;8;8;"1";"4";"3";"3";"1";"4";"1";"2";"1";"1";"1";"1";"2";"5";"3";"2";"3";"1";"5";"4";"2";"1";"5";"4";"3";"2";"1";"2";"2";"2";"1";"1";"1";"5";"1";"1";"1";"1";"1";"1";"2";"2";"1";"1";"1";"1";"1";"1";"1";"2";"2";"1";"2";"3";"2";"5";"2";"4";"1";"4";"1";"1";8;"0";1;"vcu";"vcu";8,66666666666667;8;0,666666666666666;TRUE;TRUE;TRUE
"8";NA;"ms";"pro-first";9;9;9;9;9;6;3;6;3;2;"1";"5";"3";"4";"3";"1";"4";"1";"4";"5";"1";"5";"2";"1";"5";"4";"1";"1";"4";"5";"1";"5";"1";"3";"3";"1";"1";"5";"2";"5";"1";"5";"2";"4";"1";"4";"1";"5";"5";"2";"2";"4";"1";"4";"1";"3";"3";"2";"4";"1";"1";"3";"1";"3";"5";"5";"4";"1";"1";"5";"1";"1";8;"0";1;"vcu";"vcu";9;3,66666666666667;5,33333333333333;TRUE;TRUE;TRUE
"5";NA;"ms";"anti-first";9;9;6;6;6;7;7;5;2;4;"2";"2";"3";"1";"1";"2";"1";"2";"4";"1";"1";"2";"3";"5";"1";"2";"5";"1";"2";"1";"3";"2";"4";"1";"1";"2";"1";"3";"3";"3";"1";"1";"2";"1";"3";"1";"3";"1";"1";"1";"1";"1";"1";"1";"1";"1";"1";"3";"1";"2";"2";"1";"1";"2";"1";"3";"2";"2";"4";"1";"1";"1";9;"0";1;"vcu";"vcu";6;3,66666666666667;2,33333333333333;TRUE;TRUE;TRUE
"8";NA;"ms";"pro-first";6;5;4;5;6;3;2;3;2;2;"2";"2";"1";"1";"1";"3";"1";"1";"3";"2";"2";"1";"3";"2";"1";"1";"2";"2";"2";"1";"2";"2";"1";"1";"1";"2";"2";"2";"2";"2";"1";"1";"1";"1";"2";"1";"3";"3";"1";"2";"2";"2";"2";"1";"3";"1";"1";"3";"2";"2";"2";"2";"3";"1";"2";"2";"2";"4";"2";"2";"1";"1";7;"0";1;"vcu";"vcu";5;2,33333333333333;2,66666666666667;TRUE;TRUE;TRUE
"17";NA;"tv";"pro-first";7;7;6;6;4;5;3;4;2;3;"1";"1";"1";"1";"1";"3";"1";"1";"3";"1";"1";"1";"1";"2";"2";"1";"2";"1";"1";"1";"1";"1";"2";"1";"1";"1";"1";"1";"2";"2";"1";"1";"1";"1";"1";"1";"2";"2";"1";"1";"2";"1";"1";"1";"1";"1";"1";"1";"1";"1";"2";"1";"1";"1";"1";"2";"1";"4";"2";"1";"1";"1";7;"0";1;"vcu";"vcu";5,33333333333333;3;2,33333333333333;TRUE;TRUE;TRUE
"18";NA;"ms";"pro-first";7;8;8;7;8;7;6;8;6;7;"3";"1";"2";"1";"1";"3";"1";"2";"5";"2";"2";"1";"2";"2";"3";"2";"2";"1";"1";"1";"2";"3";"2";"1";"3";"2";"2";"4";"3";"1";"1";"1";"1";"1";"3";"2";"3";"4";"3";"4";"4";"1";"3";"1";"2";"1";"1";"3";"1";"2";"3";"3";"1";"1";"1";"5";"1";"3";"2";"1";"1";"1";7;"0";1;"vcu";"vcu";7,66666666666667;7;0,666666666666667;TRUE;TRUE;TRUE
"20";NA;"tv";"anti-first";8;8;8;8;8;5;5;5;5;5;"4";"1";"3";"1";"1";"3";"2";"3";"3";"1";"3";"1";"1";"1";"1";"1";"1";"2";"2";"1";"3";"1";"1";"1";"2";"5";"2";"5";"4";"1";"1";"1";"1";"2";"3";"1";"4";"2";"1";"3";"1";"1";"2";"1";"3";"1";"1";"3";"3";"3";"3";"3";"2";"1";"1";"3";"1";"1";"1";"1";"1";"1";7;"0";1;"vcu";"vcu";8;5;3;TRUE;TRUE;TRUE
"23";NA;"tv";"pro-first";8;8;8;8;8;9;6;7;5;7;"2";"3";"1";"1";"1";"3";"1";"1";"2";"1";"3";"1";"1";"5";"1";"1";"3";"1";"1";"1";"3";"1";"5";"1";"3";"2";"1";"4";"3";"1";"1";"1";"1";"1";"1";"3";"4";"1";"1";"1";"1";"3";"1";"1";"1";"1";"1";"4";"3";"1";"1";"1";"3";"1";"1";"1";"1";"1";"2";"1";"1";"1";9;"0";1;"vcu";"vcu";8;6,33333333333333;1,66666666666667;TRUE;TRUE;TRUE
"24";NA;"tv";"anti-first";5;4;5;6;5;5;4;5;5;5;"3";"1";"3";"1";"1";"4";"1";"2";"4";"1";"3";"1";"1";"2";"1";"1";"2";"1";"1";"1";"1";"1";"2";"1";"1";"3";"2";"2";"2";"2";"1";"1";"1";"1";"1";"1";"4";"4";"1";"4";"1";"1";"2";"1";"1";"1";"1";"3";"1";"1";"4";"3";"2";"1";"1";"3";"1";"1";"2";"1";"1";"1";7;"0";1;"vcu";"vcu";5,33333333333333;5;0,333333333333333;TRUE;TRUE;TRUE
"31";NA;"ms";"anti-first";8;8;5;7;5;4;4;5;3;4;"2";"1";"2";"1";"1";"5";"1";"2";"4";"1";"2";"2";"2";"3";"1";"2";"3";"2";"1";"1";"1";"1";"4";"1";"1";"5";"1";"3";"3";"1";"1";"1";"1";"2";"4";"1";"5";"3";"1";"4";"1";"1";"2";"1";"2";"1";"1";"5";"2";"3";"4";"3";"1";"1";"1";"5";"1";"1";"1";"1";"1";"1";9;"0";1;"vcu";"vcu";5,66666666666667;4;1,66666666666667;TRUE;TRUE;TRUE
"32";NA;"tv";"anti-first";9;8;7;8;8;8;7;6;6;6;"3";"1";"3";"1";"1";"5";"1";"1";"4";"1";"1";"1";"1";"5";"1";"1";"4";"1";"1";"3";"1";"1";"5";"1";"1";"3";"1";"3";"2";"1";"1";"1";"1";"2";"1";"1";"3";"1";"1";"1";"2";"1";"1";"1";"1";"1";"1";"3";"1";"3";"2";"1";"3";"1";"1";"4";"1";"1";"4";"3";"1";"1";8;"0";1;"vcu";"vcu";7,66666666666667;6;1,66666666666667;TRUE;TRUE;TRUE
"43";NA;"ms";"pro-first";7;8;7;5;4;5;4;5;2;5;"1";"3";"1";"4";"3";"2";"2";"1";"3";"2";"1";"1";"1";"5";"3";"1";"4";"1";"3";"3";"3";"2";"4";"3";"4";"1";"1";"2";"4";"2";"2";"3";"2";"4";"1";"2";"1";"3";"2";"1";"5";"4";"1";"2";"1";"4";"2";"1";"2";"3";"2";"1";"4";"4";"2";"1";"5";"2";"5";"1";"1";"1";9;"0";1;"vcu";"vcu";5,33333333333333;4;1,33333333333333;TRUE;TRUE;TRUE
"45";NA;"ms";"anti-first";9;9;9;9;9;2;1;5;1;5;"4";"1";"4";"1";"1";"4";"1";"4";"3";"1";"5";"1";"3";"1";"1";"1";"1";"2";"1";"1";"2";"1";"1";"1";"1";"5";"3";"3";"5";"1";"1";"1";"1";"1";"4";"1";"4";"1";"1";"2";"1";"1";"3";"1";"4";"1";"1";"4";"3";"4";"4";"4";"2";"1";"1";"4";"1";"1";"1";"1";"1";"1";9;"0";1;"vcu";"vcu";9;3,66666666666667;5,33333333333333;TRUE;TRUE;TRUE
"65";NA;"ms";"pro-first";7;6;5;6;7;6;5;7;4;7;"2";"3";"3";"2";"3";"3";"2";"1";"4";"2";"1";"2";"1";"1";"2";"2";"2";"1";"2";"3";"3";"1";"1";"4";"4";"2";"1";"3";"5";"1";"1";"2";"3";"2";"2";"3";"4";"2";"1";"3";"2";"1";"3";"2";"1";"1";"2";"1";"4";"1";"2";"1";"3";"2";"3";"3";"3";"1";"1";"3";"1";"1";7;"0";1;"vcu";"vcu";6;6;0;TRUE;TRUE;TRUE
"73";NA;"ms";"pro-first";7;8;8;7;7;6;6;6;7;7;"4";"1";"4";"1";"1";"3";"2";"3";"4";"1";"3";"5";"1";"3";"2";"1";"2";"1";"2";"1";"4";"1";"3";"1";"1";"4";"3";"4";"4";"2";"1";"1";"1";"2";"3";"1";"4";"5";"1";"4";"2";"1";"3";"1";"3";"1";"1";"4";"4";"3";"4";"3";"4";"1";"1";"4";"1";"2";"2";"1";"1";"1";7;"0";1;"vcu";"vcu";7,33333333333333;6,66666666666667;0,666666666666666;TRUE;TRUE;TRUE
"3";"3/17/2017";"ms";"anti-first";8;9;8;8;8;4;3;4;2;2;"4";"2";"4";"2";"2";"3";"2";"3";"3";"2";"3";"3";"2";"2";"2";"2";"2";"2";"3";"2";"3";"2";"2";"2";"2";"4";"4";"4";"4";"1";"3";"2";"2";"3";"3";"2";"2";"4";"4";"3";"3";"2";"3";"2";"3";"2";"2";"5";"2";"4";"3";"4";"4";"2";"2";"4";"2";"1";"2";"2";"1";"1";9;"0";1;"byui";"byui";8;2,66666666666667;5,33333333333333;TRUE;TRUE;TRUE
"4";"3/17/2017";"ms";"pro-first";9;9;8;9;8;4;5;6;4;4;"2";"1";"2";"1";"1";"5";"1";"3";"5";"1";"3";"1";"1";"2";"1";"2";"1";"3";"1";"1";"1";"1";"3";"1";"2";"4";"2";"3";"4";"2";"1";"1";"1";"1";"2";"1";"4";"5";"1";"4";"1";"1";"2";"1";"2";"1";"1";"4";"3";"3";"4";"2";"3";"1";"1";"5";"1";"2";"1";"1";"1";"1";8;"0";1;"byui";"byui";8,33333333333333;4,66666666666667;3,66666666666667;TRUE;TRUE;TRUE
"5";"3/17/2017";"tv";"pro-first";6;6;5;7;4;4;3;4;4;3;"3";"1";"5";"2";"1";"4";"2";"4";"4";"1";"4";"1";"1";"3";"1";"1";"1";"2";"1";"1";"3";"1";"3";"2";"1";"3";"3";"4";"4";"1";"1";"1";"1";"2";"2";"1";"4";"4";"2";"4";"1";"1";"3";"1";"3";"1";"1";"4";"2";"3";"3";"4";"3";"1";"1";"4";"3";"1";"3";"2";"1";"1";9;"0";1;"byui";"byui";5,33333333333333;3,66666666666667;1,66666666666667;TRUE;TRUE;TRUE
"6";"3/17/2017";"ms";"anti-first";6;7;7;8;7;7;6;7;5;7;"3";"2";"2";"1";"1";"4";"1";"2";"2";"3";"2";"2";"3";"4";"3";"3";"2";"2";"1";"3";"1";"1";"4";"1";"1";"2";"3";"3";"3";"3";"1";"1";"3";"1";"2";"1";"2";"2";"1";"3";"4";"2";"3";"2";"1";"3";"1";"3";"2";"3";"3";"2";"3";"2";"2";"3";"1";"3";"2";"1";"1";"1";8;"0";1;"byui";"byui";7,33333333333333;6,33333333333333;1;TRUE;TRUE;TRUE
"8";"3/17/2017";"ms";"pro-first";7;8;8;8;7;5;4;6;4;5;"4";"1";"3";"1";"1";"3";"3";"3";"4";"2";"4";"1";"1";"2";"3";"1";"2";"1";"2";"1";"3";"2";"2";"1";"2";"4";"4";"3";"3";"2";"1";"1";"1";"2";"2";"2";"3";"3";"2";"4";"1";"1";"3";"1";"3";"1";"1";"3";"1";"2";"3";"3";"3";"1";"2";"4";"1";"2";"2";"1";"1";"1";8;"0";1;"byui";"byui";7,66666666666667;5;2,66666666666667;TRUE;TRUE;TRUE
"10";"3/17/2017";"ms";"pro-first";9;9;9;9;9;4;1;5;1;1;"3";"1";"2";"1";"1";"4";"1";"2";"3";"1";"2";"1";"2";"1";"3";"1";"1";"1";"1";"1";"3";"1";"1";"1";"1";"4";"1";"3";"1";"3";"1";"1";"1";"1";"1";"1";"4";"4";"1";"4";"1";"1";"1";"1";"2";"1";"1";"2";"1";"1";"4";"4";"1";"1";"1";"4";"1";"3";"1";"2";"1";"1";9;"0";1;"byui";"byui";9;2,33333333333333;6,66666666666667;TRUE;TRUE;TRUE
"12";"3/17/2017";"tv";"pro-first";7;7;8;9;9;6;5;6;5;5;"3";"4";"2";"3";"1";"2";"2";"1";"3";"1";"2";"2";"2";"1";"3";"1";"3";"1";"3";"2";"1";"1";"1";"2";"1";"2";"2";"1";"3";"1";"1";"1";"2";"3";"1";"1";"1";"1";"1";"2";"4";"2";"1";"1";"1";"2";"1";"1";"1";"1";"1";"2";"1";"2";"1";"2";"3";"2";"1";"3";"1";"1";7;"0";1;"byui";"byui";8,66666666666667;5,33333333333333;3,33333333333333;TRUE;TRUE;TRUE
"14";"3/17/2017";"ms";"pro-first";7;7;7;8;6;6;5;6;6;5;"3";"1";"4";"1";"1";"5";"2";"5";"5";"1";"5";"1";"1";"1";"1";"2";"1";"3";"1";"1";"3";"1";"1";"1";"3";"4";"4";"4";"4";"1";"1";"1";"1";"1";"4";"1";"4";"5";"2";"4";"1";"1";"5";"1";"3";"1";"1";"4";"3";"4";"5";"4";"4";"1";"1";"5";"1";"1";"1";"1";"1";"1";9;"0";1;"byui";"byui";7;5,66666666666667;1,33333333333333;TRUE;TRUE;TRUE
"15";"3/17/2017";"tv";"pro-first";7;7;7;7;7;6;6;5;6;5;"4";"1";"5";"1";"1";"5";"1";"4";"5";"1";"5";"1";"1";"3";"3";"1";"2";"1";"1";"1";"2";"1";"2";"1";"1";"5";"3";"5";"4";"1";"1";"1";"1";"1";"4";"1";"5";"4";"1";"4";"1";"1";"4";"1";"3";"1";"1";"5";"3";"4";"4";"3";"1";"1";"1";"5";"1";"1";"2";"1";"1";"1";7;"0";1;"byui";"byui";7;5,33333333333333;1,66666666666667;TRUE;TRUE;TRUE
"16";"3/17/2017";"ms";"anti-first";7;6;7;7;6;8;3;7;6;6;"3";"2";"2";"1";"1";"4";"1";"3";"4";"1";"3";"1";"1";"2";"1";"1";"2";"1";"1";"1";"2";"1";"2";"1";"1";"2";"1";"5";"3";"1";"1";"1";"1";"1";"1";"1";"3";"4";"1";"4";"1";"1";"1";"1";"1";"1";"1";"3";"1";"1";"4";"2";"1";"1";"1";"5";"1";"1";"1";"1";"1";"1";7;"0";1;"byui";"byui";6,66666666666667;6,33333333333333;0,333333333333334;TRUE;TRUE;TRUE
"18";"3/17/2017";"ms";"anti-first";7;9;7;9;7;2;2;3;2;4;"4";"1";"1";"2";"1";"5";"1";"2";"4";"1";"3";"1";"2";"2";"1";"1";"1";"1";"1";"2";"3";"1";"1";"3";"1";"4";"3";"5";"3";"2";"1";"1";"1";"1";"2";"1";"2";"4";"2";"5";"1";"1";"2";"1";"1";"1";"1";"4";"1";"2";"5";"3";"2";"1";"1";"4";"1";"2";"1";"1";"1";"1";8;"0";1;"byui";"byui";7,66666666666667;3;4,66666666666667;TRUE;TRUE;TRUE
"19";"3/17/2017";"tv";"anti-first";8;7;7;7;6;6;4;3;3;3;"3";"3";"4";"3";"1";"4";"3";"2";"3";"3";"2";"3";"2";"2";"2";"1";"3";"1";"2";"2";"4";"1";"2";"3";"2";"2";"3";"4";"4";"1";"2";"2";"1";"2";"3";"1";"3";"3";"1";"2";"2";"2";"2";"1";"3";"1";"3";"2";"3";"3";"2";"2";"2";"2";"2";"2";"3";"1";"2";"2";"1";"1";8;"0";1;"byui";"byui";6,66666666666667;3;3,66666666666667;TRUE;TRUE;TRUE
"20";"3/17/2017";"tv";"pro-first";8;8;7;8;7;5;4;4;3;3;"3";"1";"5";"1";"1";"3";"1";"2";"3";"1";"3";"1";"1";"4";"1";"1";"2";"3";"1";"2";"2";"1";"2";"1";"1";"3";"3";"3";"4";"1";"1";"1";"1";"1";"4";"1";"2";"2";"1";"2";"2";"1";"3";"1";"3";"1";"1";"3";"2";"3";"2";"3";"2";"1";"1";"2";"1";"1";"2";"1";"1";"1";9;"0";1;"byui";"byui";7,33333333333333;3,33333333333333;4;TRUE;TRUE;TRUE
"21";"3/17/2017";"tv";"pro-first";9;9;9;6;6;7;7;7;7;8;"4";"1";"4";"1";"1";"5";"1";"4";"4";"1";"4";"1";"2";"3";"1";"1";"1";"3";"1";"1";"3";"1";"3";"1";"1";"5";"3";"4";"3";"1";"1";"1";"1";"1";"3";"2";"4";"3";"1";"3";"2";"1";"3";"1";"4";"1";"1";"5";"3";"5";"4";"3";"3";"2";"1";"4";"1";"1";"2";"1";"1";"1";9;"0";1;"byui";"byui";7;7,33333333333333;-0,333333333333333;TRUE;TRUE;TRUE
"22";"3/18/2017";"ms";"anti-first";7;6;5;7;4;4;3;2;5;2;"4";"1";"4";"2";"1";"4";"2";"4";"3";"1";"4";"1";"2";"2";"1";"1";"1";"1";"1";"2";"2";"1";"2";"1";"1";"4";"3";"4";"5";"1";"1";"1";"2";"2";"1";"1";"5";"2";"1";"2";"1";"1";"2";"1";"4";"1";"1";"4";"3";"3";"3";"3";"3";"1";"1";"2";"2";"1";"2";"2";"1";"1";9;"0";1;"byui";"byui";5,33333333333333;3;2,33333333333333;TRUE;TRUE;TRUE
"23";"3/18/2017";"tv";"anti-first";8;9;7;6;8;3;1;5;4;2;"3";"1";"4";"2";"1";"4";"2";"2";"4";"1";"3";"1";"2";"3";"2";"3";"2";"2";"2";"1";"1";"1";"3";"3";"3";"3";"3";"4";"3";"2";"1";"1";"1";"2";"4";"1";"4";"2";"2";"4";"2";"1";"2";"1";"3";"1";"2";"3";"1";"3";"3";"2";"3";"1";"1";"4";"2";"4";"2";"2";"1";"1";9;"0";1;"byui";"byui";7;3,66666666666667;3,33333333333333;TRUE;TRUE;TRUE
"24";"3/18/2017";"ms";"pro-first";9;9;9;9;9;8;8;9;8;9;"2";"2";"4";"1";"3";"4";"1";"3";"4";"1";"2";"1";"1";"1";"1";"1";"1";"1";"1";"1";"2";"1";"1";"1";"1";"3";"3";"3";"3";"1";"1";"1";"1";"1";"1";"1";"2";"4";"2";"1";"1";"1";"4";"1";"1";"1";"1";"3";"1";"3";"3";"4";"1";"1";"1";"1";"1";"1";"1";"1";"1";"1";7;"0";1;"byui";"byui";9;8,66666666666667;0,333333333333334;TRUE;TRUE;TRUE
"26";"3/18/2017";"ms";"anti-first";8;8;8;8;8;1;1;1;1;1;"4";"1";"3";"2";"2";"4";"2";"4";"4";"2";"4";"2";"1";"2";"2";"2";"1";"1";"1";"2";"2";"1";"2";"2";"2";"4";"5";"5";"2";"1";"1";"1";"2";"1";"2";"1";"5";"4";"2";"3";"1";"1";"2";"1";"4";"1";"2";"4";"4";"3";"3";"4";"2";"1";"2";"4";"2";"1";"2";"2";"1";"1";8;"0";1;"byui";"byui";8;1;7;TRUE;TRUE;TRUE
"29";"3/18/2017";"ms";"pro-first";8;9;8;8;8;7;6;7;6;7;"3";"2";"1";"1";"1";"3";"1";"1";"5";"1";"1";"1";"2";"3";"3";"1";"2";"1";"5";"2";"1";"1";"2";"1";"1";"4";"1";"1";"2";"1";"1";"1";"1";"5";"1";"1";"3";"5";"1";"2";"2";"2";"1";"1";"1";"2";"1";"1";"1";"1";"1";"1";"1";"1";"1";"5";"1";"1";"1";"1";"1";"1";8;"0";1;"byui";"byui";8;6,66666666666667;1,33333333333333;TRUE;TRUE;TRUE
"31";"3/18/2017";"ms";"anti-first";7;8;6;9;5;6;6;4;7;5;"5";"1";"4";"1";"1";"4";"1";"4";"3";"2";"5";"1";"2";"3";"2";"1";"3";"4";"1";"1";"4";"2";"3";"1";"2";"5";"4";"4";"5";"2";"1";"1";"1";"1";"2";"2";"5";"5";"2";"4";"1";"1";"4";"1";"4";"1";"1";"5";"4";"4";"4";"5";"4";"1";"1";"3";"1";"1";"2";"1";"1";"1";9;"0";1;"byui";"byui";6,66666666666667;5,33333333333333;1,33333333333333;TRUE;TRUE;TRUE
"32";"3/18/2017";"tv";"anti-first";6;6;5;6;5;7;6;7;7;5;"3";"3";"3";"1";"1";"4";"1";"3";"4";"1";"3";"1";"2";"3";"2";"1";"2";"2";"1";"2";"3";"2";"3";"1";"1";"4";"2";"4";"3";"1";"1";"1";"1";"1";"1";"1";"3";"4";"2";"3";"2";"1";"4";"1";"1";"1";"1";"2";"1";"1";"4";"3";"3";"1";"1";"4";"1";"1";"3";"1";"1";"1";7;"0";1;"byui";"byui";5,33333333333333;6,33333333333333;-1;TRUE;TRUE;TRUE
"34";"3/17/2017";"tv";"pro-first";5;7;3;3;3;2;2;7;2;7;"2";"3";"3";"2";"5";"3";"2";"1";"2";"2";"2";"1";"1";"5";"1";"1";"5";"1";"1";"2";"1";"4";"5";"1";"2";"1";"1";"1";"3";"2";"3";"1";"3";"3";"3";"1";"2";"2";"2";"1";"4";"4";"1";"3";"2";"4";"1";"1";"3";"3";"2";"1";"2";"2";"1";"1";"5";"1";"5";"2";"1";"1";9;"0";1;"byui";"byui";3;5,33333333333333;-2,33333333333333;TRUE;TRUE;TRUE
"35";"3/18/2017";"ms";"pro-first";6;5;5;7;6;3;3;5;4;3;"3";"1";"5";"1";"1";"2";"2";"5";"4";"1";"4";"2";"2";"2";"1";"1";"1";"5";"1";"1";"4";"1";"1";"1";"3";"5";"5";"5";"5";"1";"1";"1";"1";"1";"5";"1";"3";"4";"4";"4";"1";"1";"4";"1";"5";"2";"1";"5";"5";"5";"3";"5";"5";"1";"1";"5";"1";"1";"1";"1";"1";"1";7;"0";1;"byui";"byui";6;4;2;TRUE;TRUE;TRUE
"36";"3/18/2017";"tv";"anti-first";7;8;7;8;8;3;2;4;2;3;"3";"4";"3";"3";"1";"3";"4";"2";"3";"2";"2";"3";"1";"3";"2";"1";"4";"1";"3";"2";"3";"3";"3";"4";"1";"2";"1";"2";"2";"1";"1";"1";"1";"4";"4";"1";"3";"2";"1";"2";"3";"2";"2";"2";"2";"2";"3";"2";"1";"2";"3";"2";"2";"3";"1";"3";"3";"1";"2";"5";"1";"1";9;"0";1;"byui";"byui";7,66666666666667;3;4,66666666666667;TRUE;TRUE;TRUE
"37";"3/21/2017";"tv";"pro-first";8;9;8;8;7;8;7;8;7;6;"2";"1";"1";"1";"1";"4";"1";"1";"4";"1";"1";"1";"1";"3";"1";"1";"2";"1";"1";"1";"1";"1";"3";"1";"1";"3";"1";"2";"3";"1";"1";"1";"1";"1";"1";"1";"4";"3";"1";"2";"1";"1";"1";"1";"2";"1";"1";"2";"1";"1";"3";"1";"1";"1";"1";"4";"1";"1";"2";"1";"1";"1";7;"0";1;"byui";"byui";7,66666666666667;7;0,666666666666667;TRUE;TRUE;TRUE
"38";"3/21/2017";"ms";"pro-first";8;9;8;8;8;5;2;4;1;3;"3";"2";"4";"1";"1";"2";"1";"2";"4";"1";"1";"1";"1";"3";"2";"1";"1";"1";"1";"1";"4";"1";"2";"1";"3";"3";"2";"2";"3";"2";"1";"1";"1";"1";"1";"1";"2";"4";"4";"3";"1";"1";"2";"1";"1";"1";"1";"3";"1";"2";"2";"4";"3";"1";"1";"3";"1";"1";"2";"1";"1";"1";9;"0";1;"byui";"byui";8;2,66666666666667;5,33333333333333;TRUE;TRUE;TRUE
"40";"3/21/2017";"ms";"anti-first";5;4;5;6;4;5;4;3;3;3;"4";"1";"3";"1";"1";"3";"1";"2";"4";"1";"4";"1";"1";"1";"1";"1";"1";"1";"1";"1";"1";"1";"1";"1";"1";"3";"2";"2";"3";"1";"1";"1";"1";"1";"3";"1";"3";"4";"3";"4";"1";"1";"3";"1";"2";"1";"1";"3";"2";"1";"3";"3";"1";"1";"1";"2";"1";"1";"1";"1";"1";"1";8;"0";1;"byui";"byui";5;3;2;TRUE;TRUE;TRUE
"41";"3/21/2017";"tv";"anti-first";7;8;5;8;6;6;6;6;2;5;"2";"4";"4";"1";"2";"3";"1";"1";"3";"1";"2";"1";"1";"3";"1";"1";"3";"1";"5";"1";"2";"1";"3";"1";"1";"2";"2";"1";"4";"1";"1";"1";"2";"5";"1";"1";"4";"4";"1";"1";"3";"3";"1";"2";"2";"3";"1";"4";"1";"2";"1";"2";"1";"3";"1";"1";"1";"1";"3";"1";"1";"1";9;"0";1;"byui";"byui";6,33333333333333;4,33333333333333;2;TRUE;TRUE;TRUE
"42";"3/21/2017";"tv";"pro-first";7;9;7;7;7;6;6;5;2;4;"1";"1";"3";"1";"1";"3";"1";"1";"3";"1";"1";"1";"1";"2";"2";"1";"1";"1";"1";"1";"1";"3";"2";"1";"1";"3";"2";"2";"2";"1";"1";"1";"1";"1";"1";"1";"1";"3";"2";"1";"1";"1";"1";"1";"1";"1";"1";"1";"1";"1";"3";"4";"1";"1";"1";"4";"1";"1";"1";"1";"1";"1";7;"0";1;"byui";"byui";7;3,66666666666667;3,33333333333333;TRUE;TRUE;TRUE
"44";"3/21/2017";"ms";"pro-first";9;9;8;8;8;5;5;7;5;7;"3";"2";"1";"1";"1";"5";"1";"1";"4";"2";"1";"1";"1";"3";"2";"2";"1";"3";"4";"1";"1";"2";"3";"1";"2";"2";"1";"4";"2";"1";"1";"2";"1";"4";"2";"3";"5";"4";"1";"3";"2";"1";"2";"1";"1";"1";"1";"2";"4";"2";"2";"1";"2";"2";"1";"5";"1";"3";"2";"2";"1";"1";8;"0";1;"byui";"byui";8;6,33333333333333;1,66666666666667;TRUE;TRUE;TRUE
"46";"3/21/2017";"ms";"anti-first";8;8;7;8;8;6;7;6;4;5;"4";"1";"4";"1";"2";"4";"1";"4";"2";"1";"5";"1";"3";"3";"2";"2";"1";"4";"1";"3";"5";"1";"3";"1";"3";"5";"4";"5";"4";"2";"1";"1";"1";"1";"4";"4";"3";"3";"3";"5";"1";"1";"4";"1";"4";"1";"1";"4";"5";"5";"5";"4";"5";"1";"1";"2";"1";"2";"2";"1";"1";"1";9;"0";1;"byui";"byui";7,66666666666667;5;2,66666666666667;TRUE;TRUE;TRUE
"47";"3/21/2017";"tv";"anti-first";9;9;9;9;9;1;1;1;1;1;"1";"1";"1";"1";"1";"2";"1";"1";"4";"1";"1";"1";"1";"5";"1";"1";"2";"1";"1";"1";"1";"1";"2";"1";"1";"2";"1";"2";"3";"1";"1";"1";"1";"1";"1";"1";"5";"3";"1";"2";"2";"1";"1";"1";"1";"1";"1";"4";"1";"1";"3";"1";"1";"1";"1";"4";"1";"1";"3";"1";"1";"1";9;"0";1;"byui";"byui";9;1;8;TRUE;TRUE;TRUE
"48";"3/22/2017";"ms";"pro-first";8;9;9;9;8;7;8;9;7;9;"4";"1";"3";"1";"1";"5";"1";"3";"5";"1";"3";"1";"1";"2";"1";"1";"1";"1";"1";"2";"1";"1";"1";"1";"1";"4";"2";"4";"3";"3";"1";"1";"1";"1";"4";"1";"5";"5";"1";"1";"1";"1";"3";"1";"1";"1";"1";"3";"2";"1";"5";"2";"1";"1";"1";"5";"1";"4";"1";"1";"1";"1";7;"0";1;"byui";"byui";8,66666666666667;8,33333333333333;0,333333333333332;TRUE;TRUE;TRUE
"50";"3/22/2017";"ms";"pro-first";5;8;5;9;7;4;3;4;2;2;"2";"2";"2";"1";"1";"4";"1";"5";"3";"1";"2";"1";"1";"2";"1";"1";"2";"1";"1";"1";"2";"1";"2";"1";"1";"2";"4";"5";"3";"2";"1";"1";"1";"1";"3";"2";"1";"2";"1";"3";"2";"1";"3";"1";"2";"1";"1";"3";"2";"3";"5";"3";"3";"1";"1";"3";"1";"1";"2";"1";"1";"1";8;"0";1;"byui";"byui";7;2,66666666666667;4,33333333333333;TRUE;TRUE;TRUE
"51";"3/22/2017";"tv";"anti-first";8;8;7;8;8;6;6;6;6;6;"3";"2";"4";"2";"1";"3";"2";"3";"3";"3";"3";"2";"3";"3";"2";"2";"3";"3";"3";"3";"3";"2";"3";"2";"3";"3";"3";"3";"4";"2";"2";"1";"2";"3";"3";"3";"3";"3";"1";"3";"2";"3";"3";"2";"3";"2";"1";"3";"3";"3";"3";"3";"3";"2";"2";"3";"1";"3";"2";"1";"1";"1";8;"0";1;"byui";"byui";7,66666666666667;6;1,66666666666667;TRUE;TRUE;TRUE
"52";"3/22/2017";"tv";"pro-first";7;8;7;7;6;1;1;6;3;6;"3";"1";"2";"1";"1";"4";"1";"2";"3";"1";"3";"1";"1";"5";"1";"2";"4";"1";"1";"2";"2";"1";"5";"1";"1";"3";"3";"2";"4";"1";"2";"1";"1";"5";"2";"1";"3";"3";"1";"3";"2";"1";"2";"1";"2";"2";"1";"3";"3";"2";"4";"2";"1";"1";"1";"3";"1";"1";"5";"1";"1";"1";7;"0";1;"byui";"byui";6,66666666666667;5;1,66666666666667;TRUE;TRUE;TRUE
"53";"3/22/2017";"tv";"anti-first";9;9;7;9;8;1;1;6;2;3;"4";"2";"3";"2";"1";"5";"1";"3";"5";"2";"3";"2";"1";"4";"2";"1";"2";"1";"3";"1";"3";"1";"4";"2";"1";"4";"3";"3";"1";"1";"1";"1";"1";"2";"1";"1";"5";"5";"1";"3";"1";"1";"3";"3";"3";"1";"1";"3";"1";"3";"4";"1";"4";"1";"1";"5";"3";"1";"5";"3";"1";"1";9;"0";1;"byui";"byui";8;3,66666666666667;4,33333333333333;TRUE;TRUE;TRUE
"54";"3/22/2017";"ms";"pro-first";8;9;6;8;8;7;3;6;3;6;"2";"1";"3";"1";"1";"4";"1";"2";"4";"1";"2";"1";"1";"3";"1";"1";"1";"1";"2";"1";"1";"1";"3";"1";"2";"2";"2";"3";"2";"1";"1";"1";"1";"2";"2";"1";"4";"5";"2";"3";"1";"1";"2";"1";"2";"1";"1";"4";"2";"1";"3";"2";"3";"1";"1";"5";"1";"1";"2";"1";"1";"1";9;"0";1;"byui";"byui";7,33333333333333;5;2,33333333333333;TRUE;TRUE;TRUE
"55";"3/22/2017";"tv";"pro-first";9;8;6;8;6;9;9;8;7;8;"3";"2";"4";"3";"1";"3";"2";"3";"5";"1";"2";"2";"1";"2";"4";"1";"2";"1";"2";"2";"3";"3";"2";"2";"2";"3";"4";"4";"4";"2";"1";"2";"1";"3";"1";"2";"2";"5";"4";"4";"3";"1";"3";"1";"2";"2";"1";"3";"4";"4";"3";"4";"3";"1";"1";"5";"1";"1";"1";"3";"1";"1";7;"0";1;"byui";"byui";6,66666666666667;7,66666666666667;-1;TRUE;TRUE;TRUE
"56";"3/22/2017";"ms";"anti-first";7;7;6;9;6;7;7;6;8;6;"1";"1";"1";"1";"1";"3";"1";"1";"3";"1";"1";"1";"1";"2";"1";"1";"2";"1";"1";"1";"1";"1";"2";"1";"1";"2";"1";"1";"1";"1";"1";"1";"1";"1";"1";"1";"3";"2";"1";"1";"1";"1";"1";"1";"1";"1";"1";"3";"1";"1";"3";"1";"1";"1";"1";"1";"1";"1";"2";"1";"1";"1";7;"0";1;"byui";"byui";7;6,66666666666667;0,333333333333333;TRUE;TRUE;TRUE
"59";"3/22/2017";"tv";"anti-first";6;6;5;6;6;7;6;6;8;6;"2";"2";"3";"2";"1";"2";"1";"2";"3";"2";"2";"2";"4";"4";"3";"2";"2";"1";"1";"1";"5";"2";"4";"2";"1";"3";"2";"2";"3";"2";"1";"1";"1";"2";"1";"1";"2";"3";"2";"3";"2";"2";"1";"2";"3";"2";"3";"2";"1";"1";"2";"3";"3";"1";"1";"3";"3";"4";"1";"3";"1";"1";7;"0";1;"byui";"byui";5,66666666666667;6,66666666666667;-1;TRUE;TRUE;TRUE
"60";"3/22/2017";"ms";"pro-first";7;7;7;7;6;4;3;6;6;6;"4";"1";"3";"1";"1";"5";"1";"3";"3";"1";"2";"1";"1";"3";"2";"1";"2";"1";"1";"1";"2";"1";"2";"1";"1";"5";"4";"2";"3";"1";"1";"1";"1";"2";"2";"1";"4";"3";"2";"3";"1";"1";"3";"1";"2";"1";"1";"4";"2";"2";"3";"4";"2";"1";"1";"2";"1";"2";"2";"1";"1";"1";7;"0";1;"byui";"byui";6,66666666666667;6;0,666666666666667;TRUE;TRUE;TRUE
"62";"3/23/2017";"ms";"anti-first";5;5;5;6;5;3;3;4;5;6;"3";"2";"3";"1";"2";"4";"1";"2";"4";"1";"3";"1";"2";"5";"1";"2";"1";"2";"1";"1";"3";"1";"4";"1";"4";"4";"3";"3";"3";"1";"1";"1";"1";"1";"2";"2";"4";"3";"1";"4";"1";"1";"3";"1";"2";"1";"1";"3";"4";"2";"4";"3";"2";"1";"1";"4";"1";"1";"4";"1";"1";"1";9;"0";1;"byui";"byui";5,33333333333333;5;0,333333333333333;TRUE;TRUE;TRUE
"63";"3/23/2017";"tv";"anti-first";7;7;8;9;8;5;5;8;5;8;"3";NA;"3";"1";"1";"3";"1";"3";"4";"1";"2";"3";"1";"3";"1";"3";"1";"1";"4";"1";"1";"1";"3";"1";"1";"4";"1";"4";"1";"1";"1";"1";"1";"4";"1";"1";"5";"1";"1";"4";"1";"1";"1";"1";"1";"1";"1";"2";"1";"1";"5";"3";"1";"1";"1";"4";"1";"1";"3";"5";"1";"1";7;"0";1;"byui";"byui";8,33333333333333;7;1,33333333333333;TRUE;TRUE;TRUE
"64";"3/23/2017";"tv";"pro-first";6;9;6;8;6;6;4;6;5;6;"3";"2";"2";"3";"1";"2";"3";"1";"3";"1";"2";"1";"1";"1";"2";"1";"4";"1";"1";"3";"1";"1";"1";"2";"1";"3";"1";"2";"3";"1";"1";"1";"1";"1";"2";"1";"1";"4";"1";"1";"1";"2";"2";"1";"2";"1";"3";"1";"2";"1";"1";"1";"3";"2";"2";"2";"2";"1";"1";"3";"1";"1";7;"0";1;"byui";"byui";6,66666666666667;5,66666666666667;1;TRUE;TRUE;TRUE
"66";"3/23/2017";"tv";"pro-first";9;9;8;9;8;4;3;8;5;6;"2";"2";"2";"2";"1";"4";"3";"1";"3";"1";"2";"1";"1";"3";"1";"2";"3";"1";"1";"1";"1";"3";"2";"2";"1";"2";"2";"2";"2";"1";"1";"1";"1";"1";"1";"1";"2";"3";"1";"3";"3";"2";"1";"1";"2";"1";"1";"3";"2";"2";"4";"1";"3";"1";"1";"4";"3";"1";"3";"3";"1";"1";8;"0";1;"byui";"byui";8,33333333333333;6,33333333333333;2;TRUE;TRUE;TRUE
"67";"3/23/2017";"ms";"anti-first";8;8;8;8;8;4;2;2;3;3;"4";"2";"3";"1";"2";"4";"2";"4";"4";"1";"4";"1";"2";"2";"2";"1";"1";"2";"2";"1";"3";"1";"2";"1";"3";"4";"2";"5";"5";"2";"3";"1";"2";"1";"3";"4";"3";"5";"2";"3";"2";"3";"2";"1";"4";"3";"2";"5";"3";"3";"5";"5";"3";"1";"2";"5";"1";"3";"2";"1";"1";"1";8;"0";1;"byui";"byui";8;2,66666666666667;5,33333333333333;TRUE;TRUE;TRUE
"69";"3/24/2017";"ms";"anti-first";8;9;7;7;7;3;2;3;3;3;"3";"1";"3";"1";"1";"1";"1";"1";"4";"1";"3";"1";"1";"1";"1";"1";"1";"1";"1";"1";"2";"1";"1";"1";"1";"3";"1";"1";"3";"1";"1";"1";"1";"1";"1";"1";"3";"3";"1";"1";"1";"1";"1";"1";"1";"1";"1";"2";"1";"2";"4";"2";"1";"1";"1";"1";"1";"1";"1";"1";"1";"1";9;"0";1;"byui";"byui";7;3;4;TRUE;TRUE;TRUE
"70";"3/24/2017";"tv";"pro-first";6;6;6;8;6;4;4;3;2;3;"3";"2";"2";"2";"3";"3";"2";"3";"4";"2";"3";"2";"3";"3";"3";"1";"2";"1";"4";"2";"1";"1";"3";"3";"1";"5";"2";"5";"2";"3";"3";"2";"2";"4";"3";"1";"3";"4";"2";"4";"2";"2";"2";"3";"3";"3";"2";"3";"4";"5";"3";"3";"4";"2";"2";"3";"3";"2";"3";"3";"1";"1";7;"0";1;"byui";"byui";6,66666666666667;2,66666666666667;4;TRUE;TRUE;TRUE
"71";"3/24/2017";"ms";"pro-first";7;7;8;7;7;6;4;7;3;5;"3";"2";"2";"1";"3";"2";"1";"1";"3";"1";"1";"2";"2";"4";"2";"2";"4";"1";"2";"2";"1";"1";"4";"2";"2";"1";"1";"1";"1";"2";"1";"1";"1";"3";"1";"1";"3";"2";"2";"1";"1";"1";"1";"1";"1";"1";"1";"1";"1";"1";"2";"1";"1";"3";"1";"2";"2";"2";"3";"3";"1";"1";8;"0";1;"byui";"byui";7,33333333333333;5;2,33333333333333;TRUE;TRUE;TRUE
"72";"3/24/2017";"tv";"anti-first";6;6;8;7;5;6;3;7;6;6;"2";"1";"3";"2";"2";"3";"2";"2";"4";"1";"2";"1";"1";"1";"4";"1";"1";"1";"1";"2";"3";"1";"2";"1";"2";"3";"2";"4";"4";"1";"1";"1";"2";"3";"1";"1";"3";"3";"1";"2";"1";"3";"4";"1";"2";"4";"1";"4";"2";"3";"3";"3";"4";"1";"1";"4";"1";"1";"1";"1";"1";"1";7;"0";1;"byui";"byui";6,66666666666667;6,33333333333333;0,333333333333334;TRUE;TRUE;TRUE
"73";"3/24/2017";"tv";"pro-first";8;8;8;8;6;3;2;4;3;2;"2";"1";"1";"1";"1";"5";"1";"4";"4";"1";"3";"1";"1";"3";"2";"1";"2";"2";"2";"1";"1";"1";"2";"1";"1";"4";"2";"3";"1";"2";"1";"1";"1";"2";"1";"1";"4";"4";"1";"5";"1";"1";"3";"1";"2";"1";"1";"4";"3";"2";"4";"3";"1";"1";"1";"4";"1";"2";"1";"1";"1";"1";9;"0";1;"byui";"byui";7,33333333333333;3;4,33333333333333;TRUE;TRUE;TRUE
"74";"3/24/2017";"ms";"pro-first";8;8;6;7;5;2;1;5;2;4;"2";"3";"2";"2";"1";"3";"1";"1";"2";"1";"1";"2";"2";"3";"2";"1";"1";"1";"2";"2";"1";"3";"2";"1";"1";"2";"2";"1";"2";"4";"1";"1";"1";"2";"1";"1";"2";"2";"3";"1";"1";"2";"2";"1";"1";"1";"1";"3";"1";"1";"2";"2";"1";"2";"1";"1";"2";"2";"1";"2";"1";"1";7;"0";1;"byui";"byui";6;3,66666666666667;2,33333333333333;TRUE;TRUE;TRUE
"75";"3/24/2017";"tv";"anti-first";8;8;8;7;7;7;7;7;6;7;"4";"2";"4";"1";"1";"4";"1";"5";"4";"2";"5";"1";"1";"2";"2";"2";"1";"5";"3";"1";"1";"1";"2";"1";"2";"5";"5";"5";"5";"2";"1";"1";"1";"3";"3";"1";"3";"4";"3";"2";"1";"1";"3";"2";"4";"2";"1";"4";"4";"3";"5";"4";"4";"1";"2";"5";"2";"2";"1";"2";"1";"1";7;"0";1;"byui";"byui";7,33333333333333;6,66666666666667;0,666666666666666;TRUE;TRUE;TRUE
"76";"3/24/2017";"ms";"anti-first";5;8;7;7;6;3;3;4;6;3;"5";"1";"4";"1";"1";"3";"1";"4";"4";"1";"4";"1";"1";"1";"2";"1";"1";"3";"1";"1";"4";"2";"1";"1";"1";"5";"4";"5";"5";"1";"1";"2";"1";"1";"3";"1";"4";"4";"2";"4";"1";"1";"4";"1";"4";"1";"1";"5";"5";"3";"3";"4";"5";"1";"1";"4";"1";"1";"1";"1";"1";"1";8;"0";1;"byui";"byui";6,66666666666667;4,33333333333333;2,33333333333333;TRUE;TRUE;TRUE
"77";"3/24/2017";"ms";"pro-first";7;8;8;8;7;7;7;6;6;7;"3";"2";"1";"1";"4";"3";"1";"1";"4";"1";"2";"1";"1";"5";"2";"1";"4";"1";"2";"2";"1";"2";"5";"1";"1";"3";"1";"4";"2";"2";"1";"1";"1";"2";"1";"1";"2";"3";"2";"3";"3";"4";"1";"1";"1";"3";"1";"2";"1";"1";"2";"1";"1";"1";"1";"4";"1";"1";"5";"1";"1";"1";7;"0";1;"byui";"byui";7,66666666666667;6,33333333333333;1,33333333333333;TRUE;TRUE;TRUE
"78";"3/24/2017";"ms";"anti-first";8;9;8;9;8;3;2;4;2;2;"4";"1";"3";"1";"1";"5";"1";"4";"4";"1";"4";"2";"1";"2";"3";"1";"1";"1";"3";"1";"3";"1";"2";"1";"1";"4";"4";"5";"5";"1";"1";"1";"1";"3";"3";"1";"3";"2";"2";"4";"1";"1";"3";"1";"2";"1";"1";"4";"4";"3";"3";"3";"3";"1";"1";"3";"2";"1";"1";"2";"1";"1";9;"0";1;"byui";"byui";8,33333333333333;2,66666666666667;5,66666666666667;TRUE;TRUE;TRUE
"79";"3/24/2017";"tv";"anti-first";4;7;7;8;6;7;5;9;4;7;"5";"1";"1";"1";"1";"5";"1";"5";"5";"1";"4";"1";"1";"2";"1";"2";"1";"3";"1";"1";"2";"1";"2";"1";"1";"5";"5";"5";"4";"2";"1";"1";"1";"1";"1";"3";"5";"4";"1";"5";"1";"1";"3";"1";"3";"1";"1";"5";"4";"2";"5";"5";"2";"1";"1";"5";"1";"1";"2";"1";"1";"1";7;"0";1;"byui";"byui";7;6,66666666666667;0,333333333333333;TRUE;TRUE;TRUE
"81";"3/24/2017";"tv";"pro-first";4;5;5;7;5;3;2;6;3;6;"3";"1";"3";"2";"1";"3";"1";"4";"3";"1";"3";"1";"1";"2";"1";"1";"2";"2";"1";"1";"3";"1";"2";"1";"1";"4";"4";"3";"2";"1";"1";"1";"1";"1";"3";"1";"4";"1";"1";"3";"1";"1";"4";"1";"4";"1";"1";"3";"2";"3";"1";"4";"3";"1";"1";"1";"1";"1";"1";"1";"1";"1";8;"0";1;"byui";"byui";5,66666666666667;5;0,666666666666667;TRUE;TRUE;TRUE
